time,BTCUSDT_Open,ETHUSDT_Open,SOLUSDT_Open,DOGEUSDT_Open,ADAUSDT_Open,BNBUSDT_Open,LINKUSDT_Open,TRXUSDT_Open,XRPUSDT_Open,USDCUSDT_Open
2023-03-25,27454.46,1749.57,20.66,0.07453,0.3597,322.1,7.191,0.06341,0.426,0.9988
2023-03-26,27462.96,1741.88,20.4,0.07401,0.3513,322.4,7.074,0.06369,0.4429,0.9989
2023-03-27,27968.05,1773.88,20.94,0.07436,0.3558,328.6,7.26,0.06413,0.4479,0.9991
2023-03-28,27124.9,1715.21,19.91,0.07289,0.3456,310.6,6.871,0.06355,0.4789,0.9996
2023-03-29,27261.06,1773.0,20.45,0.07381,0.3681,313.3,6.947,0.06419,0.5145,0.9996
2023-03-30,28348.6,1793.06,21.1,0.07557,0.3811,313.8,7.382,0.06433,0.5425,0.9997
2023-03-31,28028.53,1793.6,20.55,0.07421,0.3761,316.4,7.23,0.06482,0.5319,1.0
2023-04-01,28465.36,1821.52,21.15,0.07695,0.3989,317.0,7.588,0.06553,0.5375,0.9998
2023-04-02,28452.74,1820.8,21.07,0.08181,0.392,314.9,7.545,0.06647,0.5095,0.9996
2023-04-03,28171.87,1794.51,20.52,0.07903,0.3816,313.8,7.255,0.06518,0.5179,0.9995
2023-04-04,27800.0,1810.51,20.45,0.09601,0.3872,308.8,7.244,0.06575,0.4958,0.9998
2023-04-05,28165.47,1870.38,20.91,0.0951,0.3895,310.8,7.37,0.06573,0.5026,0.9996
2023-04-06,28170.01,1908.68,20.96,0.09268,0.3922,314.0,7.322,0.06617,0.5056,0.9998
2023-04-07,28033.83,1872.41,20.62,0.08541,0.3829,312.3,7.2,0.06608,0.5028,0.9994
2023-04-08,27906.34,1863.73,20.44,0.08222,0.3835,310.4,7.267,0.06604,0.5127,0.9992
2023-04-09,27938.38,1848.82,20.04,0.08135,0.3852,310.6,7.129,0.06613,0.5049,0.9994
2023-04-10,28323.76,1858.91,20.29,0.08318,0.3893,312.8,7.203,0.06661,0.5053,0.9994
2023-04-11,29637.35,1910.21,20.89,0.08474,0.3971,318.6,7.344,0.06731,0.5176,0.9992
2023-04-12,30200.43,1889.86,22.99,0.08409,0.4015,322.3,7.3,0.06632,0.5166,0.9989
2023-04-13,29888.07,1917.4,23.81,0.08346,0.4047,319.9,7.23,0.06514,0.5049,0.9992
2023-04-14,30373.84,2012.0,24.43,0.08729,0.4251,324.6,7.458,0.06523,0.5124,0.999
2023-04-15,30466.93,2099.99,24.72,0.08866,0.4381,328.8,7.743,0.06619,0.5227,0.999
2023-04-16,30295.1,2090.61,24.05,0.08889,0.4521,333.1,8.005,0.06588,0.5192,0.9992
2023-04-17,30304.66,2118.66,25.34,0.09043,0.4512,347.7,8.136,0.06655,0.5208,0.9992
2023-04-18,29430.27,2073.99,24.57,0.09137,0.4341,340.0,8.161,0.06574,0.511,0.9994
2023-04-19,30380.01,2103.51,24.82,0.09412,0.4435,343.1,8.578,0.06681,0.5325,0.9997
2023-04-20,28797.1,1933.74,22.66,0.08787,0.4163,322.5,7.752,0.06563,0.4911,0.9995
2023-04-21,28243.65,1942.98,22.19,0.0839,0.4008,318.0,7.512,0.06541,0.4752,0.9999
2023-04-22,27262.84,1848.77,21.26,0.07842,0.3823,321.3,7.113,0.06497,0.4491,1.0001
2023-04-23,27816.85,1874.17,21.79,0.08029,0.3956,332.2,7.174,0.0661,0.472,1.0
2023-04-24,27590.59,1862.01,21.47,0.07876,0.3887,330.6,7.082,0.06671,0.4648,0.9999
2023-04-25,27510.93,1841.84,21.39,0.07875,0.3836,331.2,7.069,0.0661,0.461,0.9999
2023-04-26,28300.8,1866.1,21.94,0.07976,0.3944,338.4,7.275,0.06584,0.4696,1.0
2023-04-27,28415.29,1866.01,21.28,0.07859,0.4014,330.6,7.004,0.06508,0.4618,0.9996
2023-04-28,29472.77,1908.68,22.34,0.08013,0.41,330.9,7.17,0.06576,0.4666,0.9996
2023-04-29,29311.69,1890.93,23.34,0.08033,0.4044,324.1,7.04,0.06667,0.4795,0.9992
2023-04-30,29230.45,1907.79,23.18,0.08157,0.4025,321.9,7.185,0.068,0.4779,0.9994
2023-05-01,29233.2,1870.08,22.73,0.0795,0.3957,337.5,7.025,0.06714,0.4705,0.9995
2023-05-02,28068.26,1830.73,21.95,0.07882,0.3867,328.4,6.896,0.06851,0.4648,0.9997
2023-05-03,28669.85,1870.09,22.25,0.07876,0.3917,321.4,6.987,0.06923,0.4644,0.9995
2023-05-04,29026.16,1905.12,22.24,0.07961,0.3941,325.9,7.129,0.06927,0.4633,0.9998
2023-05-05,28838.16,1877.07,21.74,0.07837,0.3873,323.9,6.997,0.0694,0.4608,0.9996
2023-05-06,29505.6,1993.3,22.82,0.08017,0.3941,326.6,7.226,0.07091,0.4671,0.999
2023-05-07,28848.19,1896.33,21.91,0.07672,0.3787,322.0,6.92,0.07024,0.4582,0.9983
2023-05-08,28430.09,1870.41,21.65,0.07652,0.376,321.0,6.911,0.06919,0.4491,0.9987
2023-05-09,27668.8,1847.55,20.63,0.07239,0.3653,313.8,6.582,0.0685,0.4283,0.9993
2023-05-10,27628.28,1846.53,20.66,0.0731,0.3633,312.2,6.521,0.06906,0.4289,0.9995
2023-05-11,27598.74,1840.83,20.92,0.07312,0.3693,314.3,6.588,0.06934,0.4303,0.9994
2023-05-12,26968.61,1794.31,20.17,0.07193,0.3598,307.5,6.36,0.06772,0.4207,0.9995
2023-05-13,26795.01,1807.45,20.91,0.07235,0.3705,308.6,6.623,0.06907,0.4305,0.9995
2023-05-14,26775.27,1795.12,20.83,0.07168,0.3646,310.8,6.49,0.06933,0.424,0.9995
2023-05-15,26917.61,1799.2,20.93,0.07195,0.371,312.1,6.547,0.06939,0.4253,0.9995
2023-05-16,27162.15,1816.21,20.98,0.0719,0.3669,313.4,6.635,0.07025,0.4273,0.9997
2023-05-17,27033.85,1824.21,20.68,0.07276,0.3683,311.4,6.658,0.07054,0.4426,0.9998
2023-05-18,27405.62,1822.12,21.06,0.07484,0.3755,314.3,6.758,0.07122,0.4485,0.9999
2023-05-19,26821.28,1800.56,20.35,0.07344,0.3713,309.3,6.531,0.07015,0.4597,0.9999
2023-05-20,26880.26,1812.31,20.35,0.07351,0.3681,308.9,6.51,0.07066,0.4674,0.9998
2023-05-21,27102.42,1819.42,20.28,0.07362,0.3663,310.7,6.505,0.07257,0.4685,0.9996
2023-05-22,26747.78,1804.91,19.61,0.07212,0.3602,306.4,6.43,0.075,0.4574,0.9997
2023-05-23,26849.28,1817.36,19.52,0.07292,0.3679,309.1,6.534,0.078,0.4618,0.9998
2023-05-24,27219.61,1854.06,20.02,0.07288,0.3704,313.5,6.505,0.07848,0.4651,0.9999
2023-05-25,26329.0,1799.89,19.22,0.07065,0.3639,305.9,6.321,0.07685,0.453,1.0001
2023-05-26,26473.8,1805.61,19.25,0.07087,0.3582,304.6,6.279,0.07676,0.4538,0.9999
2023-05-27,26705.93,1827.8,19.35,0.07097,0.3626,306.9,6.344,0.07537,0.4684,0.9997
2023-05-28,26854.28,1829.89,20.42,0.07255,0.3667,307.4,6.437,0.07714,0.4714,0.9997
2023-05-29,28065.01,1908.64,20.81,0.07353,0.3828,314.2,6.636,0.07743,0.482,0.9999
2023-05-30,27736.39,1892.6,20.57,0.07313,0.3786,311.7,6.637,0.0761,0.4946,0.9996
2023-05-31,27694.39,1900.58,21.25,0.07231,0.3779,311.4,6.611,0.07635,0.5205,0.9997
2023-06-01,27210.36,1873.63,20.82,0.07165,0.3744,306.8,6.478,0.07521,0.5167,0.9998
2023-06-02,26817.93,1861.78,20.49,0.07143,0.3644,304.9,6.344,0.07477,0.5065,0.9998
2023-06-03,27242.59,1906.69,21.26,0.07257,0.3782,307.3,6.451,0.08266,0.5245,0.9998
2023-06-04,27069.22,1892.05,21.19,0.07271,0.376,306.6,6.421,0.08176,0.5188,0.9997
2023-06-05,27115.2,1890.0,21.83,0.07249,0.3773,305.1,6.45,0.08137,0.5359,0.9997
2023-06-06,25728.2,1810.49,20.01,0.0664,0.3514,277.0,6.054,0.07833,0.5089,0.9997
2023-06-07,27230.07,1884.65,20.38,0.07025,0.353,281.2,6.261,0.0782,0.53,0.9998
2023-06-08,26339.34,1832.12,18.64,0.06728,0.3223,259.3,5.919,0.07676,0.5183,0.9998
2023-06-09,26498.62,1845.65,18.88,0.06796,0.3229,261.9,5.994,0.07741,0.5237,1.0
2023-06-10,26477.8,1840.37,17.4,0.06947,0.2951,260.6,5.992,0.07201,0.538,1.0001
2023-06-11,25841.22,1751.52,15.61,0.06175,0.2748,238.8,5.233,0.0696,0.5067,0.9995
2023-06-12,25925.54,1752.77,15.55,0.06152,0.2719,235.4,5.175,0.07024,0.5209,0.9996
2023-06-13,25905.2,1742.57,15.19,0.06144,0.2747,231.3,5.16,0.07115,0.5251,1.0
2023-06-14,25934.24,1740.12,15.03,0.06174,0.2752,244.1,5.299,0.07192,0.5193,1.0002
2023-06-15,25128.6,1650.95,14.49,0.06038,0.2634,237.9,5.25,0.07101,0.4802,1.0002
2023-06-16,25598.49,1666.96,14.78,0.06154,0.2621,236.5,5.312,0.07097,0.4801,1.0009
2023-06-17,26345.01,1717.91,15.32,0.06219,0.2633,239.4,5.325,0.07053,0.4758,1.0007
2023-06-18,26516.99,1727.75,15.65,0.0622,0.2667,244.5,5.282,0.07163,0.4794,1.0004
2023-06-19,26339.98,1720.95,15.45,0.06212,0.261,244.1,5.157,0.07016,0.4868,1.0002
2023-06-20,26844.35,1737.1,16.1,0.06244,0.2634,243.0,5.134,0.06999,0.4935,1.0002
2023-06-21,28308.0,1791.99,16.65,0.06314,0.2706,247.8,5.267,0.07058,0.4928,0.9998
2023-06-22,29993.89,1889.1,17.23,0.06562,0.2861,248.9,5.555,0.07232,0.4999,1.0
2023-06-23,29884.92,1872.0,16.62,0.06556,0.2899,240.8,5.557,0.07227,0.4937,0.9997
2023-06-24,30688.51,1892.63,17.14,0.06823,0.2967,244.4,6.071,0.07315,0.496,0.9995
2023-06-25,30527.44,1874.95,16.64,0.06669,0.2893,236.4,6.133,0.07221,0.4865,0.9996
2023-06-26,30462.67,1898.8,16.96,0.06672,0.292,238.9,6.157,0.07314,0.4903,0.9996
2023-06-27,30267.99,1858.97,16.27,0.06474,0.2806,236.1,6.058,0.07384,0.479,0.9999
2023-06-28,30692.44,1889.58,16.63,0.06557,0.2868,237.5,6.2,0.07433,0.4839,0.9999
2023-06-29,30077.4,1828.03,15.98,0.06257,0.2669,230.6,5.814,0.07376,0.4648,1.0001
2023-06-30,30447.31,1851.99,18.0,0.06342,0.2753,233.2,5.891,0.07445,0.4747,1.0002
2023-07-01,30471.99,1933.8,18.85,0.06646,0.287,240.4,6.313,0.0762,0.473,1.0002
2023-07-02,30585.9,1924.5,18.7,0.06851,0.2924,247.8,6.503,0.07726,0.4732,1.0002
2023-07-03,30617.02,1937.49,19.46,0.06801,0.2916,246.5,6.541,0.07603,0.4844,1.0
2023-07-04,31156.2,1955.55,19.25,0.06845,0.2966,246.5,6.628,0.07732,0.489,1.0
2023-07-05,30766.52,1936.19,19.14,0.06891,0.2924,242.5,6.523,0.07703,0.4872,0.9999
2023-07-06,30504.8,1910.35,18.99,0.06697,0.2839,239.0,6.299,0.07706,0.4777,1.0
2023-07-07,29895.42,1846.17,19.61,0.06484,0.2783,232.3,6.08,0.07709,0.4622,1.0
2023-07-08,30344.7,1870.92,21.51,0.0654,0.2844,235.7,6.157,0.07881,0.4686,0.9999
2023-07-09,30284.63,1865.24,21.82,0.06573,0.2907,236.3,6.198,0.08007,0.4705,0.9998
2023-07-10,30160.71,1862.81,21.32,0.06537,0.2843,234.1,6.149,0.07747,0.4681,0.9999
2023-07-11,30411.57,1880.41,21.3,0.06523,0.2878,246.2,6.169,0.07755,0.478,0.9999
2023-07-12,30622.1,1878.31,22.06,0.06529,0.2927,248.6,6.205,0.07734,0.4753,0.9999
2023-07-13,30380.0,1871.82,21.93,0.06504,0.289,243.9,6.252,0.07784,0.471,1.0
2023-07-14,31454.23,2004.49,26.01,0.07042,0.3567,256.2,7.125,0.08172,0.8151,0.9996
2023-07-15,30312.0,1937.82,26.67,0.06848,0.3278,248.1,6.957,0.07988,0.7178,0.9995
2023-07-16,30289.52,1931.41,27.47,0.07196,0.3261,251.1,6.918,0.08082,0.7144,0.9997
2023-07-17,30232.0,1922.12,27.41,0.06951,0.3145,242.3,6.608,0.07979,0.7468,0.9995
2023-07-18,30138.01,1911.21,26.8,0.06982,0.3117,244.1,7.186,0.07997,0.7373,0.9998
2023-07-19,29859.14,1897.21,25.54,0.06867,0.3094,240.3,6.913,0.07978,0.778,0.9999
2023-07-20,29909.21,1888.64,26.31,0.07004,0.3226,240.9,6.916,0.0803,0.8198,0.9999
2023-07-21,29800.0,1891.59,25.38,0.07061,0.3161,242.8,8.361,0.08073,0.7942,1.0
2023-07-22,29901.72,1891.73,25.51,0.07322,0.3128,243.8,8.128,0.08043,0.7713,1.0
2023-07-23,29793.99,1866.52,24.52,0.07047,0.31,241.1,7.88,0.0839,0.733,1.0
2023-07-24,30083.75,1888.74,24.76,0.07179,0.3172,242.4,7.89,0.08337,0.7384,1.0
2023-07-25,29176.5,1850.0,23.36,0.0742,0.3051,238.9,7.584,0.08149,0.702,1.0001
2023-07-26,29228.91,1857.66,23.28,0.08185,0.3037,237.8,7.391,0.0819,0.709,1.0002
2023-07-27,29351.95,1871.99,25.18,0.07794,0.3069,239.0,7.741,0.08241,0.7161,1.0
2023-07-28,29222.78,1861.29,25.1,0.07761,0.3078,240.7,7.987,0.08265,0.7138,1.0002
2023-07-29,29314.14,1874.2,24.82,0.07717,0.3099,241.9,7.77,0.08507,0.7119,1.0001
2023-07-30,29352.9,1880.45,25.17,0.08024,0.3129,242.5,7.843,0.08321,0.7122,1.0
2023-07-31,29281.09,1861.79,24.25,0.07802,0.3157,242.6,7.555,0.08,0.7047,1.0001
2023-08-01,29232.26,1856.13,23.72,0.07786,0.307,241.0,7.55,0.07792,0.6976,1.0002
2023-08-02,29705.99,1873.48,24.06,0.07815,0.3103,247.8,7.643,0.07866,0.7069,1.0005
2023-08-03,29186.0,1839.9,23.14,0.07422,0.2993,240.7,7.35,0.07632,0.6849,1.0005
2023-08-04,29193.65,1835.81,22.65,0.07358,0.2923,241.1,7.125,0.07713,0.6629,1.0008
2023-08-05,29114.0,1830.24,22.8,0.07346,0.2936,241.7,7.143,0.07678,0.6356,1.0013
2023-08-06,29072.13,1836.48,22.66,0.07572,0.2938,243.3,7.231,0.07754,0.6288,1.0009
2023-08-07,29088.43,1830.28,23.2,0.07427,0.2922,243.1,7.101,0.077,0.624,1.0015
2023-08-08,29211.06,1829.1,23.11,0.07354,0.291,242.0,7.328,0.07685,0.6235,1.0011
2023-08-09,29770.41,1856.3,24.22,0.07497,0.2974,245.2,7.458,0.07676,0.6418,1.0004
2023-08-10,29581.99,1855.36,24.39,0.07542,0.3014,243.9,7.678,0.07674,0.6434,1.0007
2023-08-11,29455.76,1852.47,24.63,0.07587,0.2965,241.5,7.619,0.07735,0.6331,1.0011
2023-08-12,29426.02,1848.84,24.63,0.07574,0.2934,239.8,7.492,0.07723,0.6317,1.0011
2023-08-13,29430.18,1849.94,24.91,0.0767,0.292,240.3,7.443,0.07751,0.6276,1.0006
2023-08-14,29303.85,1840.73,24.22,0.07479,0.2895,240.2,7.368,0.07711,0.6256,1.0008
2023-08-15,29430.92,1845.5,25.19,0.0747,0.2906,240.5,7.412,0.07748,0.6342,1.0011
2023-08-16,29200.01,1828.98,23.91,0.07092,0.282,236.8,7.041,0.07633,0.6104,1.0011
2023-08-17,28730.51,1807.81,22.82,0.06718,0.2748,232.1,6.763,0.07466,0.589,1.0013
2023-08-18,26623.41,1681.49,21.67,0.06102,0.2552,218.1,6.187,0.07264,0.5064,1.0003
2023-08-19,26054.0,1661.6,21.34,0.06326,0.264,216.0,6.175,0.07297,0.5062,1.0003
2023-08-20,26100.01,1669.68,21.89,0.06379,0.2688,216.9,6.18,0.07408,0.52,1.0003
2023-08-21,26190.0,1685.23,21.78,0.06384,0.2703,216.6,6.22,0.07591,0.5385,1.0
2023-08-22,26126.92,1667.56,21.2,0.06253,0.2629,210.4,6.175,0.0751,0.5245,1.0001
2023-08-23,26055.99,1635.0,20.59,0.06258,0.2587,210.9,6.116,0.07548,0.5211,1.0006
2023-08-24,26432.71,1679.61,21.74,0.06379,0.2681,216.7,6.351,0.0776,0.5302,1.0002
2023-08-25,26180.05,1661.16,21.05,0.06308,0.2659,219.0,6.084,0.07664,0.5187,1.0005
2023-08-26,26060.0,1653.79,20.42,0.06312,0.2612,218.5,6.014,0.07724,0.5258,1.0006
2023-08-27,26017.38,1647.03,20.28,0.06289,0.261,216.4,6.005,0.07746,0.5231,1.0005
2023-08-28,26101.78,1658.33,20.79,0.06317,0.2635,218.4,6.029,0.07754,0.5235,1.0005
2023-08-29,26120.0,1653.08,20.57,0.06345,0.2676,218.8,5.981,0.07635,0.5232,1.0007
2023-08-30,27716.34,1729.41,21.79,0.0664,0.2726,226.9,6.193,0.07731,0.5398,1.0001
2023-08-31,27299.99,1705.23,20.82,0.06588,0.2655,223.8,5.925,0.07561,0.5284,1.0
2023-09-01,25940.77,1645.77,19.74,0.06379,0.2554,216.7,5.878,0.07672,0.511,1.0003
2023-09-02,25805.04,1629.13,19.33,0.06386,0.2551,213.7,5.941,0.07607,0.4981,1.0004
2023-09-03,25869.52,1637.02,19.5,0.06348,0.2562,214.4,5.972,0.07701,0.4989,1.0001
2023-09-04,25971.21,1635.84,19.57,0.06317,0.2559,214.4,6.03,0.07704,0.5047,1.0002
2023-09-05,25826.03,1630.52,19.52,0.06326,0.2562,215.3,6.013,0.07752,0.5087,1.0003
2023-09-06,25792.11,1634.46,20.26,0.06403,0.2578,214.6,6.138,0.07746,0.5056,1.0004
2023-09-07,25759.95,1633.15,19.63,0.06364,0.2577,215.2,6.301,0.07894,0.5033,1.0006
2023-09-08,26255.0,1648.11,19.92,0.06366,0.258,217.1,6.388,0.07917,0.5051,1.0005
2023-09-09,25910.5,1636.43,19.6,0.0637,0.2544,214.7,6.28,0.07916,0.5049,1.0003
2023-09-10,25901.6,1635.53,19.43,0.06338,0.2534,214.2,6.165,0.07918,0.5038,1.0003
2023-09-11,25841.6,1617.42,18.23,0.0613,0.2491,212.4,6.016,0.07831,0.4969,1.0003
2023-09-12,25162.53,1551.84,17.72,0.06047,0.2421,206.2,5.827,0.07755,0.4744,1.0003
2023-09-13,25840.1,1592.97,17.91,0.0609,0.2455,210.8,5.958,0.08075,0.4804,1.0
2023-09-14,26222.0,1607.61,18.4,0.06125,0.2487,212.5,6.021,0.08122,0.4833,0.9999
2023-09-15,26522.73,1626.48,18.85,0.06207,0.2514,212.2,6.152,0.08376,0.4892,0.9998
2023-09-16,26599.99,1641.3,19.15,0.0625,0.2506,214.1,6.367,0.08405,0.5004,1.0
2023-09-17,26559.67,1634.4,19.12,0.06213,0.2503,214.9,6.279,0.08352,0.4997,0.9999
2023-09-18,26527.5,1622.48,18.81,0.06146,0.2471,216.4,6.146,0.08334,0.4925,0.9998
2023-09-19,26762.5,1636.66,19.65,0.06196,0.2515,216.0,6.566,0.08388,0.503,0.9998
2023-09-20,27210.25,1643.13,20.02,0.06269,0.2548,217.2,6.846,0.08455,0.5139,0.9999
2023-09-21,27125.01,1622.27,20.29,0.06263,0.2517,214.3,6.907,0.08443,0.5213,1.0
2023-09-22,26568.08,1583.94,19.45,0.0613,0.245,210.8,6.665,0.08301,0.5072,1.0001
2023-09-23,26580.14,1593.07,19.42,0.06153,0.245,211.1,6.959,0.08333,0.5122,1.0
2023-09-24,26575.97,1593.85,19.48,0.06152,0.246,210.4,7.189,0.08361,0.5076,0.9999
2023-09-25,26248.39,1580.71,19.36,0.06068,0.2428,208.3,6.972,0.08359,0.502,0.9999
2023-09-26,26304.8,1588.34,19.39,0.06095,0.2459,210.0,7.494,0.08466,0.5056,1.0002
2023-09-27,26221.68,1594.02,19.03,0.06062,0.2455,212.6,7.355,0.08471,0.5019,1.0004
2023-09-28,26373.0,1598.63,19.13,0.06052,0.2447,212.1,7.641,0.08549,0.4993,1.0007
2023-09-29,27021.39,1653.0,19.97,0.06151,0.249,215.0,7.81,0.08674,0.5097,1.0002
2023-09-30,26906.96,1667.45,20.28,0.06213,0.2494,215.2,7.947,0.08912,0.5215,1.0001
2023-10-01,26962.57,1670.89,21.37,0.06207,0.254,214.6,8.19,0.0886,0.5148,0.9999
2023-10-02,27992.58,1733.8,23.88,0.0632,0.2659,218.2,8.053,0.09011,0.524,1.0002
2023-10-03,27494.51,1662.41,23.38,0.06201,0.2591,214.6,7.472,0.08744,0.5122,0.9998
2023-10-04,27426.45,1656.88,23.61,0.06138,0.2609,213.5,7.408,0.0907,0.5391,1.0
2023-10-05,27778.57,1646.58,23.13,0.06146,0.259,213.4,7.673,0.08891,0.5326,1.0
2023-10-06,27410.39,1611.79,22.7,0.06087,0.2603,210.7,7.469,0.08824,0.5227,1.0
2023-10-07,27931.1,1645.03,23.41,0.06136,0.2646,213.4,7.64,0.0872,0.5255,0.9996
2023-10-08,27956.67,1633.56,23.29,0.06143,0.2588,212.2,7.521,0.08807,0.5216,0.9994
2023-10-09,27917.06,1632.85,23.21,0.06095,0.2564,211.3,7.671,0.08803,0.5174,0.9995
2023-10-10,27590.12,1580.13,22.09,0.05872,0.2513,205.9,7.276,0.08613,0.5027,0.9998
2023-10-11,27390.12,1567.62,22.11,0.05914,0.2491,208.6,7.259,0.08622,0.4964,1.0
2023-10-12,26875.52,1566.86,22.01,0.05851,0.2481,206.6,7.39,0.08603,0.4889,1.0003
2023-10-13,26759.63,1539.61,21.29,0.05789,0.2461,205.1,7.198,0.08481,0.4831,1.0003
2023-10-14,26862.0,1552.16,21.85,0.05839,0.2459,206.1,7.257,0.08549,0.4852,1.0002
2023-10-15,26852.48,1554.94,22.0,0.05984,0.247,206.5,7.331,0.085,0.4866,1.0001
2023-10-16,27154.14,1557.78,21.93,0.0593,0.2474,209.8,7.422,0.08667,0.4874,0.9999
2023-10-17,28500.77,1599.41,23.95,0.06,0.2514,214.7,7.525,0.08886,0.4977,0.9996
2023-10-18,28395.91,1565.01,23.94,0.05903,0.2464,211.4,7.32,0.08855,0.4911,0.9997
2023-10-19,28320.0,1563.45,23.41,0.05859,0.243,210.3,7.356,0.08914,0.4878,0.9999
2023-10-20,28713.71,1566.57,24.92,0.05887,0.247,211.2,7.304,0.08999,0.5197,0.9996
2023-10-21,29669.05,1603.88,27.02,0.0599,0.2513,212.1,7.57,0.09075,0.515,0.9995
2023-10-22,29909.8,1628.94,29.33,0.06119,0.2587,214.2,8.914,0.0916,0.5208,0.9995
2023-10-23,29992.46,1663.69,29.06,0.06169,0.264,217.8,10.189,0.09032,0.5226,0.9997
2023-10-24,33069.99,1765.47,31.88,0.06742,0.2808,228.6,10.578,0.09219,0.5475,0.9996
2023-10-25,33922.73,1784.98,30.18,0.0666,0.2793,225.2,10.371,0.09235,0.5587,0.9999
2023-10-26,34496.05,1787.15,32.43,0.06832,0.2809,222.1,11.059,0.09351,0.5552,0.9998
2023-10-27,34151.66,1803.39,32.78,0.07184,0.2871,223.2,10.927,0.09285,0.5534,0.9999
2023-10-28,33892.01,1779.41,31.73,0.06776,0.2893,224.2,11.184,0.09352,0.543,0.9999
2023-10-29,34081.01,1776.21,31.62,0.069,0.2909,225.7,10.923,0.09434,0.5446,0.9998
2023-10-30,34525.88,1795.14,32.83,0.06936,0.2955,227.1,11.085,0.09489,0.556,0.9997
2023-10-31,34474.74,1809.03,34.94,0.06958,0.3031,228.0,11.22,0.09558,0.578,0.9996
2023-11-01,34639.78,1814.67,38.41,0.06827,0.2929,226.3,11.352,0.09715,0.5995,0.9996
2023-11-02,35421.43,1846.99,41.16,0.06893,0.3072,228.0,11.639,0.10014,0.6084,0.9996
2023-11-03,34941.58,1800.79,40.24,0.0679,0.3231,231.9,11.007,0.09921,0.6053,0.9998
2023-11-04,34716.78,1832.7,39.45,0.06808,0.3291,230.3,11.457,0.09722,0.612,0.9996
2023-11-05,35062.06,1855.54,42.41,0.06908,0.3278,237.2,11.496,0.09766,0.6149,0.9994
2023-11-06,35011.89,1891.71,41.16,0.07108,0.3419,244.0,12.231,0.09808,0.6606,0.9994
2023-11-07,35046.09,1900.95,42.16,0.07637,0.3624,255.1,12.984,0.09765,0.7147,0.9998
2023-11-08,35399.13,1885.26,42.93,0.07338,0.3512,246.2,13.04,0.09657,0.6851,0.9996
2023-11-09,35624.72,1888.11,43.12,0.07535,0.3577,246.7,14.918,0.09833,0.6869,0.9997
2023-11-10,36701.1,2121.33,45.3,0.07357,0.3685,251.7,14.603,0.0989,0.6667,0.9999
2023-11-11,37301.63,2077.72,56.67,0.07539,0.386,251.1,15.502,0.10621,0.6594,0.9995
2023-11-12,37129.99,2053.16,56.36,0.0785,0.3844,251.6,16.477,0.10801,0.6626,0.9998
2023-11-13,37064.13,2044.69,56.27,0.07795,0.3835,247.5,16.025,0.1085,0.6612,0.9994
2023-11-14,36462.93,2053.65,51.6,0.07456,0.3568,241.1,14.354,0.10688,0.6701,0.9998
2023-11-15,35551.2,1979.4,56.81,0.07244,0.3579,242.3,13.947,0.10222,0.6296,0.9998
2023-11-16,37858.2,2058.49,65.43,0.07623,0.3787,253.7,15.027,0.10406,0.6482,0.9996
2023-11-17,36163.51,1961.77,57.81,0.07946,0.3707,242.7,13.866,0.10234,0.6118,0.9999
2023-11-18,36613.91,1960.82,58.52,0.08642,0.3671,244.9,13.707,0.10371,0.6132,0.9997
2023-11-19,36568.11,1962.59,58.56,0.08027,0.3771,244.8,13.751,0.10291,0.6106,0.9995
2023-11-20,37359.85,2011.47,61.1,0.08045,0.384,246.5,14.911,0.10349,0.6258,0.9995
2023-11-21,37448.79,2021.41,56.57,0.07768,0.3803,253.1,14.475,0.10097,0.6121,0.9993
2023-11-22,35741.65,1933.01,51.65,0.07175,0.3566,225.5,13.362,0.09611,0.5787,0.9996
2023-11-23,37408.35,2063.22,57.55,0.07576,0.3805,236.2,14.213,0.10116,0.6109,0.9998
2023-11-24,37294.27,2062.21,56.52,0.07621,0.3872,233.8,14.398,0.10208,0.6208,0.9999
2023-11-25,37713.57,2080.84,56.86,0.07818,0.3862,232.8,14.481,0.10456,0.6212,0.9992
2023-11-26,37780.67,2083.1,58.81,0.07894,0.3942,234.5,14.763,0.10894,0.6228,0.9995
2023-11-27,37447.42,2062.34,57.57,0.07867,0.3874,231.8,14.768,0.10779,0.6157,0.9997
2023-11-28,37242.7,2027.5,55.06,0.07883,0.3778,227.3,14.186,0.10193,0.6039,1.0
2023-11-29,37818.88,2048.14,58.18,0.08083,0.3857,229.6,14.524,0.10295,0.6106,0.9995
2023-11-30,37854.65,2028.8,59.31,0.08045,0.3817,227.3,14.514,0.10342,0.609,0.9998
2023-12-01,37723.97,2051.95,59.3,0.08344,0.376,227.6,14.411,0.10347,0.6063,0.9999
2023-12-02,38682.51,2087.24,59.74,0.08384,0.3844,228.5,14.987,0.10307,0.6126,0.9996
2023-12-03,39450.35,2164.75,63.66,0.08617,0.3976,229.1,15.992,0.10317,0.6207,0.9995
2023-12-04,39972.26,2192.96,62.99,0.08571,0.3948,228.1,15.706,0.10309,0.6229,0.9997
2023-12-05,41991.1,2243.36,61.63,0.09188,0.4069,233.5,15.812,0.10385,0.6246,1.0
2023-12-06,44073.82,2293.33,61.04,0.09436,0.4258,231.3,15.72,0.10357,0.621,0.9998
2023-12-07,43762.69,2232.7,61.85,0.09493,0.4431,229.5,15.266,0.10476,0.64,0.9999
2023-12-08,43273.15,2355.74,67.74,0.09594,0.4555,232.6,15.688,0.10416,0.6431,0.9998
2023-12-09,44171.0,2358.71,74.93,0.10165,0.5455,238.8,16.926,0.10664,0.672,0.9998
2023-12-10,43713.59,2340.48,72.31,0.09846,0.5791,237.8,16.195,0.10665,0.6584,0.9997
2023-12-11,43789.5,2352.39,74.88,0.10186,0.5947,239.8,16.368,0.10784,0.6617,1.0
2023-12-12,41253.41,2225.11,70.24,0.09412,0.5507,246.4,14.767,0.10382,0.6187,1.0005
2023-12-13,41492.38,2203.47,68.6,0.09381,0.5784,254.6,14.527,0.10359,0.6191,1.0005
2023-12-14,42869.03,2260.16,70.62,0.09643,0.6677,252.1,14.773,0.1043,0.6276,0.9998
2023-12-15,43022.26,2315.32,75.68,0.0983,0.6433,253.2,15.372,0.10601,0.6316,0.9999
2023-12-16,41940.29,2220.51,72.51,0.09302,0.6004,244.9,14.281,0.10157,0.6156,1.0001
2023-12-17,42278.02,2228.96,73.71,0.09713,0.6078,244.4,14.32,0.10282,0.6202,1.0008
2023-12-18,41374.64,2196.53,70.85,0.09295,0.5805,238.9,14.016,0.10204,0.6103,1.001
2023-12-19,42657.8,2219.44,74.41,0.09212,0.602,241.7,14.669,0.1009,0.6125,1.0002
2023-12-20,42275.99,2177.9,73.0,0.09023,0.576,252.8,14.1,0.1006,0.6047,1.0002
2023-12-21,43668.92,2202.17,82.22,0.09151,0.5893,260.4,14.252,0.10273,0.6171,1.0
2023-12-22,43861.79,2239.6,93.86,0.095,0.6352,272.1,15.306,0.10463,0.624,0.9999
2023-12-23,43969.04,2324.54,97.91,0.09498,0.6225,271.1,15.478,0.10508,0.6243,0.9994
2023-12-24,43702.15,2308.2,107.88,0.09346,0.613,271.0,15.682,0.10676,0.6195,0.9996
2023-12-25,42991.5,2264.04,112.45,0.09172,0.5919,264.4,15.263,0.10621,0.6122,0.9995
2023-12-26,43576.12,2271.36,120.91,0.09436,0.624,266.8,15.586,0.10587,0.6461,0.9999
2023-12-27,42508.93,2230.88,112.48,0.09135,0.6087,297.7,15.092,0.10305,0.6219,1.0001
2023-12-28,43428.86,2378.35,106.92,0.09365,0.6334,324.0,16.711,0.10535,0.6341,0.9993
2023-12-29,42563.76,2344.15,101.8,0.09174,0.6158,322.6,16.006,0.10544,0.6346,0.9997
2023-12-30,42066.94,2299.2,106.17,0.09096,0.6082,313.7,15.539,0.10561,0.6229,0.9999
2023-12-31,42140.29,2291.68,101.9,0.09,0.601,317.0,15.17,0.10596,0.6207,1.0
2024-01-01,42283.58,2281.87,101.72,0.08956,0.5939,311.9,14.942,0.10764,0.6155,1.0003
2024-01-02,44179.55,2352.05,109.93,0.092,0.6233,313.5,15.547,0.10771,0.6295,0.9998
2024-01-03,44946.91,2355.35,106.72,0.09109,0.6051,312.3,15.165,0.10834,0.6245,0.9997
2024-01-04,42845.23,2209.72,98.52,0.082,0.5568,315.9,14.148,0.10675,0.5823,0.9996
2024-01-05,44151.1,2267.11,104.91,0.08401,0.57,323.6,14.53,0.10697,0.5868,0.9991
2024-01-06,44145.12,2268.78,99.93,0.08267,0.5413,317.6,14.092,0.10438,0.5758,0.9993
2024-01-07,43968.32,2240.77,93.77,0.08058,0.5227,307.6,13.435,0.10386,0.568,0.9994
2024-01-08,43929.01,2221.42,89.44,0.07822,0.4945,302.5,13.155,0.1028,0.5515,0.9994
2024-01-09,46951.04,2330.43,97.88,0.0813,0.5412,303.6,14.143,0.1042,0.5776,0.9992
2024-01-10,46110.0,2344.3,99.36,0.07922,0.5123,301.1,13.716,0.10276,0.567,0.9998
2024-01-11,46654.0,2584.37,101.99,0.08307,0.5662,305.7,15.073,0.10528,0.6008,0.9997
2024-01-12,46339.16,2618.01,99.89,0.08456,0.582,308.2,15.021,0.1062,0.6019,1.0
2024-01-13,42782.74,2522.55,92.14,0.08007,0.5477,296.7,14.155,0.10684,0.5699,1.0004
2024-01-14,42847.99,2578.18,95.85,0.08094,0.5491,302.2,14.345,0.11424,0.5746,1.0001
2024-01-15,41732.35,2472.87,93.81,0.08002,0.5251,299.4,14.755,0.11122,0.5763,1.0008
2024-01-16,42511.1,2511.79,94.35,0.08108,0.5276,317.6,15.185,0.10865,0.5757,1.0006
2024-01-17,43137.94,2587.41,97.6,0.08134,0.5356,315.1,15.267,0.10806,0.5758,1.0003
2024-01-18,42776.09,2530.2,102.1,0.0806,0.5282,309.3,15.761,0.10839,0.5685,1.001
2024-01-19,41327.51,2470.81,94.39,0.07808,0.5027,313.0,14.658,0.10813,0.552,1.001
2024-01-20,41659.03,2491.99,93.62,0.07856,0.5043,314.7,16.118,0.1105,0.5443,1.001
2024-01-21,41696.05,2472.02,92.88,0.08777,0.5159,317.3,15.781,0.11005,0.5534,1.0007
2024-01-22,41580.32,2457.06,91.08,0.08547,0.5031,318.7,15.393,0.10895,0.5464,1.0007
2024-01-23,39568.02,2314.19,83.84,0.08057,0.4787,305.9,14.597,0.10931,0.5275,1.0012
2024-01-24,39897.59,2242.6,84.36,0.07821,0.4773,298.8,14.298,0.10721,0.5183,1.0008
2024-01-25,40084.89,2235.02,88.77,0.07905,0.4766,293.0,14.242,0.10882,0.5182,1.0004
2024-01-26,39961.09,2218.64,86.9,0.07795,0.4667,292.1,13.744,0.11212,0.5139,1.0006
2024-01-27,41823.51,2267.67,92.29,0.07985,0.485,302.2,14.188,0.11448,0.5322,1.0002
2024-01-28,42120.63,2267.94,94.27,0.08014,0.4862,305.7,14.341,0.11244,0.5304,1.0
2024-01-29,42031.05,2256.9,95.99,0.07883,0.4903,305.3,14.479,0.11224,0.5242,1.0002
2024-01-30,43302.71,2317.61,101.67,0.08137,0.5261,310.7,15.004,0.11304,0.5351,1.0001
2024-01-31,42941.1,2343.0,101.4,0.07971,0.5137,307.7,15.474,0.11205,0.5106,1.0
2024-02-01,42580.0,2283.15,96.96,0.07874,0.4976,300.5,15.427,0.11225,0.5033,1.0007
2024-02-02,43082.95,2304.28,97.81,0.07937,0.5077,300.2,17.192,0.11564,0.5057,1.0003
2024-02-03,43199.99,2309.07,100.57,0.07928,0.5147,301.4,17.827,0.11629,0.5106,1.0005
2024-02-04,43011.1,2296.5,97.95,0.07874,0.5125,299.6,17.661,0.11724,0.5187,1.0004
2024-02-05,42582.88,2289.79,95.48,0.07831,0.4933,304.7,18.154,0.11842,0.5031,1.0005
2024-02-06,42708.7,2301.84,95.66,0.07835,0.4944,301.2,19.163,0.11897,0.5069,1.0012
2024-02-07,43098.96,2372.63,96.87,0.07848,0.4982,302.8,18.287,0.12102,0.505,1.0003
2024-02-08,44349.6,2425.09,101.14,0.08013,0.5023,307.4,18.818,0.1236,0.5138,1.0001
2024-02-09,45288.66,2419.56,102.77,0.07986,0.5304,319.2,18.209,0.12189,0.5146,0.9998
2024-02-10,47132.78,2486.56,106.94,0.08154,0.5407,324.0,18.47,0.12369,0.5262,0.9996
2024-02-11,47751.08,2500.24,109.01,0.08141,0.5515,323.0,19.083,0.12436,0.5239,0.9997
2024-02-12,48300.0,2507.22,107.46,0.08123,0.5415,320.6,20.147,0.12421,0.5262,0.9997
2024-02-13,49917.28,2659.99,111.65,0.08223,0.5591,327.9,20.467,0.12499,0.5315,0.9998
2024-02-14,49699.6,2639.99,112.49,0.08105,0.5448,324.6,19.869,0.12687,0.5246,0.9995
2024-02-15,51795.17,2774.8,116.97,0.08549,0.5769,333.9,20.24,0.12956,0.5378,0.9991
2024-02-16,51880.01,2822.58,113.5,0.08527,0.6087,354.3,19.931,0.13104,0.5622,0.999
2024-02-17,52124.1,2801.81,110.32,0.08591,0.5987,360.4,19.555,0.13282,0.5643,0.9994
2024-02-18,51642.64,2785.92,108.92,0.08355,0.6096,352.9,20.031,0.1359,0.5496,0.9996
2024-02-19,52137.68,2881.2,112.25,0.08516,0.6194,349.8,20.12,0.13518,0.557,0.9998
2024-02-20,51774.74,2944.8,111.53,0.08942,0.6308,351.7,19.832,0.13636,0.5626,0.9998
2024-02-21,52258.82,3014.81,108.32,0.08615,0.6216,354.6,19.281,0.13921,0.5622,0.9999
2024-02-22,51849.38,2967.91,105.04,0.08457,0.5987,379.2,18.594,0.13972,0.549,1.0
2024-02-23,51288.42,2971.4,101.75,0.08409,0.5858,382.7,18.12,0.139,0.541,1.0006
2024-02-24,50744.15,2922.25,99.91,0.08451,0.5823,375.5,17.936,0.13816,0.5342,1.0001
2024-02-25,51568.21,2992.62,104.02,0.08616,0.5969,381.6,18.533,0.13742,0.5449,1.0001
2024-02-26,51728.85,3112.6,103.47,0.08613,0.5913,388.5,18.721,0.13764,0.5424,1.0001
2024-02-27,54476.48,3175.95,109.9,0.08923,0.6192,401.5,19.083,0.13984,0.5506,0.9992
2024-02-28,57037.35,3242.35,108.35,0.09759,0.6238,394.6,19.022,0.14288,0.5862,0.9996
2024-02-29,62432.11,3383.11,119.03,0.11585,0.6287,414.7,19.43,0.14213,0.5749,0.9989
2024-03-01,61130.99,3340.1,125.68,0.11732,0.6549,399.3,19.274,0.14049,0.5868,0.9994
2024-03-02,62387.9,3433.42,129.43,0.13934,0.7196,407.4,20.052,0.14147,0.6013,0.9992
2024-03-03,61987.28,3421.39,130.03,0.14195,0.7414,410.9,21.397,0.14119,0.6442,0.9991
2024-03-04,63113.97,3487.8,130.16,0.15346,0.728,414.5,20.507,0.14064,0.6271,0.9995
2024-03-05,68245.71,3627.75,133.26,0.18197,0.77,418.5,20.415,0.14026,0.6476,0.9986
2024-03-06,63724.01,3553.66,125.31,0.15304,0.6923,394.1,18.973,0.13585,0.5913,0.9988
2024-03-07,66074.04,3818.58,130.8,0.15784,0.735,429.4,20.084,0.13774,0.6121,0.9992
2024-03-08,66823.18,3868.76,143.82,0.15762,0.7427,474.6,20.092,0.13709,0.6271,0.9984
2024-03-09,68124.2,3883.37,144.79,0.16456,0.7228,485.8,19.698,0.13663,0.62,0.9978
2024-03-10,68313.28,3905.2,144.3,0.17875,0.7416,488.3,19.973,0.13579,0.6198,0.9979
2024-03-11,68955.88,3878.47,144.39,0.16998,0.7165,528.9,21.682,0.13377,0.608,0.999
2024-03-12,72078.1,4064.8,148.83,0.182,0.7754,523.0,21.277,0.13372,0.723,0.9997
2024-03-13,71452.0,3979.97,151.06,0.16817,0.7482,537.4,20.705,0.13142,0.688,0.9999
2024-03-14,73072.4,4004.79,163.9,0.16895,0.7639,630.5,20.752,0.13195,0.6891,0.9994
2024-03-15,71388.94,3881.69,176.65,0.1772,0.7509,603.2,20.88,0.12912,0.669,1.0003
2024-03-16,69499.84,3742.19,183.95,0.16358,0.7274,632.7,19.633,0.12632,0.6341,0.9999
2024-03-17,65300.64,3523.09,182.05,0.14253,0.6591,576.4,18.114,0.12527,0.603,1.0008
2024-03-18,68393.47,3644.7,201.85,0.15428,0.6814,571.7,18.666,0.12624,0.6191,1.0007
2024-03-19,67610.0,3520.47,195.92,0.14352,0.6603,555.4,18.3,0.12407,0.6453,1.0
2024-03-20,61937.41,3158.65,169.82,0.12879,0.5864,507.7,16.804,0.11244,0.5845,1.0006
2024-03-21,67840.51,3516.53,191.76,0.15209,0.6395,556.7,18.413,0.12072,0.6108,1.0
2024-03-22,65501.28,3492.84,179.46,0.15536,0.6319,553.8,18.458,0.12115,0.6403,1.0004
2024-03-23,63796.64,3336.35,175.21,0.15294,0.6147,553.8,18.367,0.11736,0.6115,0.9999
2024-03-24,63990.02,3329.53,172.65,0.16191,0.6231,551.9,18.063,0.11824,0.6168,0.9999
2024-03-25,67210.0,3454.99,183.87,0.17651,0.6469,567.8,18.519,0.12014,0.6326,1.0001
2024-03-26,69880.0,3590.43,188.98,0.17526,0.6566,587.1,19.375,0.12042,0.6405,0.9997
2024-03-27,69987.99,3587.32,190.46,0.18231,0.665,580.4,20.007,0.1208,0.6317,1.0
2024-03-28,69469.99,3501.2,186.34,0.19048,0.6478,574.2,19.29,0.11933,0.6119,1.0006
2024-03-29,70780.6,3560.49,189.64,0.22002,0.6511,583.4,19.148,0.12044,0.6243,0.9999
2024-03-30,69850.53,3509.74,192.02,0.213,0.6643,612.5,18.967,0.11989,0.63,0.9994
2024-03-31,69582.17,3505.65,194.19,0.19913,0.6435,600.7,18.932,0.12256,0.6211,0.9996
2024-04-01,71280.0,3645.29,202.45,0.22,0.6501,606.7,19.17,0.12296,0.6292,1.0
2024-04-02,69649.81,3503.8,192.24,0.20502,0.6211,575.8,18.358,0.12051,0.611,0.9996
2024-04-03,65463.99,3278.96,181.53,0.18249,0.5807,551.4,17.953,0.11662,0.5854,0.9998
2024-04-04,65963.27,3310.83,185.05,0.17521,0.5693,561.6,17.683,0.11711,0.5741,0.9997
2024-04-05,68487.8,3327.39,184.0,0.17997,0.5831,585.4,17.79,0.11915,0.5934,0.9997
2024-04-06,67820.63,3317.85,174.37,0.17719,0.5741,577.8,17.326,0.1179,0.587,0.9997
2024-04-07,68896.0,3351.59,178.69,0.18576,0.5837,585.5,17.56,0.1196,0.593,0.9999
2024-04-08,69360.38,3454.2,179.51,0.19887,0.5893,583.8,17.913,0.12056,0.5945,1.0001
2024-04-09,71620.0,3694.61,180.68,0.20261,0.6137,586.3,18.1,0.12304,0.6146,1.0001
2024-04-10,69146.0,3506.4,172.41,0.18915,0.5912,580.4,17.362,0.12109,0.614,1.0004
2024-04-11,70631.08,3545.64,173.3,0.19971,0.5862,609.7,17.417,0.11909,0.6171,1.0001
2024-04-12,70006.22,3502.52,172.37,0.19382,0.5858,604.6,17.554,0.12029,0.6085,0.9999
2024-04-13,67116.52,3237.42,153.16,0.17403,0.5027,595.6,15.155,0.1148,0.5468,0.9996
2024-04-14,63924.52,3007.01,138.47,0.15254,0.4448,553.0,13.288,0.11005,0.4788,0.9987
2024-04-15,65661.85,3155.11,151.26,0.1621,0.4673,566.4,14.099,0.11243,0.5034,0.999
2024-04-16,63419.99,3102.0,138.51,0.16123,0.461,552.7,13.582,0.11147,0.4977,0.9997
2024-04-17,63793.4,3084.21,136.21,0.156,0.4583,537.5,13.459,0.1118,0.4965,0.9996
2024-04-18,61277.38,2985.41,131.84,0.14755,0.4441,534.0,13.132,0.10971,0.4951,1.0
2024-04-19,63470.09,3064.4,142.08,0.15222,0.458,552.0,13.888,0.10924,0.5026,0.9995
2024-04-20,63818.01,3056.45,142.5,0.15632,0.4681,554.1,13.945,0.1099,0.503,0.9996
2024-04-21,64940.58,3155.79,151.21,0.16259,0.5073,570.9,14.958,0.11105,0.5288,0.9997
2024-04-22,64941.15,3147.66,148.81,0.15823,0.4994,579.6,15.105,0.11132,0.5246,0.9998
2024-04-23,66819.32,3200.19,156.94,0.16121,0.5167,604.4,15.445,0.11222,0.556,0.9996
2024-04-24,66414.0,3219.46,154.75,0.15979,0.4999,606.2,15.178,0.11322,0.5445,1.0
2024-04-25,64289.58,3140.79,147.79,0.15139,0.4747,608.8,14.536,0.1133,0.5276,1.0005
2024-04-26,64498.33,3155.81,144.83,0.15126,0.4705,613.3,14.594,0.11722,0.5254,1.0003
2024-04-27,63770.0,3131.3,139.23,0.14802,0.4631,598.0,14.491,0.12015,0.5261,1.0003
2024-04-28,63461.98,3255.55,141.31,0.14776,0.4675,596.2,14.267,0.11975,0.5178,1.0007
2024-04-29,63118.62,3263.44,137.99,0.14671,0.4602,600.2,13.809,0.12124,0.5104,1.0003
2024-04-30,63866.0,3216.74,137.79,0.14343,0.4572,592.8,14.075,0.11902,0.515,1.0003
2024-05-01,60672.01,3014.04,126.76,0.13337,0.4412,578.4,13.128,0.11956,0.5006,1.0008
2024-05-02,58364.97,2972.46,134.64,0.13021,0.4501,561.8,13.348,0.12044,0.5175,1.0014
2024-05-03,59060.6,2986.19,137.58,0.13189,0.4577,560.5,13.59,0.12226,0.518,1.0001
2024-05-04,62882.01,3102.61,143.7,0.14604,0.4674,587.0,14.093,0.1227,0.5317,0.9997
2024-05-05,63892.03,3117.24,146.05,0.16012,0.4633,585.7,14.317,0.12227,0.5302,0.9998
2024-05-06,64012.0,3136.4,145.74,0.161,0.4579,592.0,14.371,0.12107,0.5295,0.9999
2024-05-07,63165.18,3062.59,152.81,0.15649,0.454,588.2,14.484,0.11864,0.5401,1.0
2024-05-08,62312.07,3005.69,148.03,0.14999,0.4413,576.5,13.997,0.12052,0.5244,0.9999
2024-05-09,61193.03,2974.2,142.17,0.14323,0.4517,588.6,13.899,0.12292,0.517,1.0003
2024-05-10,63074.0,3036.24,152.56,0.1522,0.4635,596.8,14.237,0.12621,0.5209,1.0002
2024-05-11,60799.99,2909.98,146.02,0.14389,0.4479,585.7,13.565,0.12741,0.5022,1.0003
2024-05-12,60825.99,2912.45,145.42,0.14305,0.4388,592.2,13.306,0.12638,0.5059,1.0002
2024-05-13,61484.0,2929.3,143.42,0.14122,0.4378,594.8,13.559,0.12738,0.4993,1.0004
2024-05-14,62940.09,2950.99,147.53,0.14863,0.4367,591.7,13.392,0.12561,0.5052,1.0001
2024-05-15,61577.49,2881.93,142.03,0.14552,0.4285,567.1,12.985,0.12547,0.5002,1.0004
2024-05-16,66206.51,3032.55,158.52,0.15533,0.4525,581.0,13.867,0.12633,0.5188,0.9997
2024-05-17,65235.21,2944.7,159.36,0.14971,0.4598,569.2,15.516,0.125,0.5158,0.9999
2024-05-18,67024.0,3092.0,169.43,0.15555,0.4825,580.9,16.231,0.12434,0.5235,0.9995
2024-05-19,66915.2,3122.94,172.4,0.15302,0.4819,580.3,16.33,0.12299,0.5213,0.9998
2024-05-20,66274.0,3071.2,169.93,0.14908,0.4672,574.6,16.56,0.12116,0.5096,1.0001
2024-05-21,71446.62,3661.79,186.69,0.16573,0.5021,599.6,17.263,0.12442,0.5377,0.9998
2024-05-22,70148.34,3789.59,178.15,0.17023,0.4946,618.5,16.741,0.12361,0.537,1.0001
2024-05-23,69166.62,3737.72,176.96,0.16628,0.4835,614.8,16.352,0.12007,0.5268,1.0003
2024-05-24,67969.66,3783.6,176.15,0.15973,0.4655,599.4,16.596,0.11532,0.5288,1.0004
2024-05-25,68549.99,3728.28,167.7,0.16386,0.4601,600.3,17.25,0.11547,0.5359,1.0003
2024-05-26,69290.56,3749.25,168.35,0.17402,0.4623,602.3,17.442,0.11378,0.5416,1.0002
2024-05-27,68507.67,3826.47,163.42,0.16621,0.4581,600.3,17.042,0.11312,0.5283,1.0005
2024-05-28,69436.43,3894.21,170.15,0.16908,0.4683,603.9,18.791,0.1125,0.5339,1.0008
2024-05-29,68398.4,3844.69,168.68,0.16496,0.4577,601.7,18.539,0.11118,0.5286,1.0011
2024-05-30,67652.41,3767.44,168.32,0.16386,0.451,595.7,18.453,0.1121,0.5238,1.0012
2024-05-31,68352.17,3747.9,166.88,0.15945,0.4465,595.1,17.943,0.11199,0.5185,1.0002
2024-06-01,67540.01,3762.29,165.65,0.15898,0.447,593.8,18.411,0.11212,0.5176,1.001
2024-06-02,67766.84,3815.82,166.14,0.16031,0.4499,601.9,18.442,0.11261,0.5187,1.0007
2024-06-03,67765.62,3780.92,163.14,0.1571,0.4465,602.8,18.142,0.11477,0.5135,1.0005
2024-06-04,68809.89,3767.07,164.9,0.15834,0.4574,626.4,17.629,0.11337,0.5199,1.0001
2024-06-05,70537.83,3810.23,171.78,0.16136,0.4615,685.7,17.716,0.11446,0.5257,1.0
2024-06-06,71108.0,3866.0,173.55,0.16327,0.4612,698.8,17.743,0.1146,0.5259,0.9999
2024-06-07,70799.06,3813.47,170.15,0.16015,0.4582,711.1,17.248,0.11479,0.5214,1.0004
2024-06-08,69355.6,3678.31,162.51,0.1482,0.4493,684.0,16.319,0.11269,0.4991,1.0003
2024-06-09,69310.46,3681.58,157.83,0.1459,0.4367,682.7,15.929,0.11479,0.4927,1.0001
2024-06-10,69648.15,3706.4,162.12,0.14679,0.4442,673.1,16.371,0.11688,0.4987,1.0001
2024-06-11,69540.0,3667.85,159.04,0.14478,0.4406,625.1,15.906,0.11763,0.4969,1.0004
2024-06-12,67314.23,3497.33,149.31,0.13806,0.4219,602.5,14.987,0.1166,0.4803,1.0
2024-06-13,68263.98,3560.13,155.21,0.14621,0.4377,619.4,16.007,0.11649,0.4917,1.0003
2024-06-14,66773.01,3469.4,147.29,0.1411,0.4209,599.8,15.139,0.11696,0.4768,1.0004
2024-06-15,66043.99,3481.8,143.04,0.13499,0.4121,603.3,14.745,0.1165,0.4746,1.0005
2024-06-16,66228.25,3568.75,145.52,0.13678,0.414,608.2,14.859,0.1153,0.4908,1.0006
2024-06-17,66676.86,3624.41,151.3,0.13713,0.4167,610.9,15.141,0.1173,0.4891,1.0006
2024-06-18,66504.33,3511.47,143.28,0.12879,0.4013,604.3,14.522,0.11678,0.5048,1.0005
2024-06-19,65175.32,3483.42,137.41,0.12224,0.3836,588.6,13.986,0.11544,0.4909,1.0004
2024-06-20,64974.37,3560.51,135.62,0.12247,0.3845,599.3,14.346,0.11583,0.4933,1.0004
2024-06-21,64869.99,3513.08,133.55,0.12455,0.3844,587.7,14.26,0.1168,0.4888,1.0005
2024-06-22,64143.56,3518.5,134.61,0.12418,0.376,586.2,13.849,0.11835,0.489,1.0005
2024-06-23,64262.01,3495.76,133.7,0.12376,0.3847,591.1,13.483,0.11967,0.4867,1.0004
2024-06-24,63210.01,3420.91,128.68,0.12222,0.3801,577.5,13.194,0.11924,0.4798,1.0007
2024-06-25,60293.3,3352.74,132.34,0.11901,0.3777,568.1,13.617,0.11909,0.4741,1.0007
2024-06-26,61806.01,3394.91,136.57,0.12616,0.3918,578.3,14.197,0.1219,0.4758,1.0002
2024-06-27,60864.98,3371.77,136.81,0.12277,0.385,573.1,13.917,0.12267,0.4697,1.0005
2024-06-28,61706.46,3450.44,149.71,0.12711,0.3913,581.8,14.432,0.12199,0.4753,1.0012
2024-06-29,60427.84,3380.15,140.03,0.12306,0.3858,567.4,13.777,0.12321,0.4716,1.0017
2024-06-30,60986.68,3378.8,140.28,0.1219,0.384,570.0,13.544,0.12552,0.4727,1.0015
2024-07-01,62772.01,3438.16,146.61,0.12449,0.3925,582.3,14.279,0.1247,0.4761,1.0015
2024-07-02,62900.0,3442.2,146.68,0.12352,0.4033,576.9,14.338,0.12782,0.4771,1.0008
2024-07-03,62135.46,3421.35,154.03,0.1253,0.4184,580.1,14.413,0.12923,0.4853,1.0014
2024-07-04,60208.57,3295.49,140.84,0.11849,0.407,556.7,13.59,0.12871,0.4672,1.001
2024-07-05,57050.02,3059.7,127.85,0.10503,0.3622,513.5,12.539,0.1272,0.433,1.0003
2024-07-06,56628.79,2981.79,134.32,0.10548,0.3501,497.8,12.312,0.12684,0.4252,1.0
2024-07-07,58230.13,3066.83,143.05,0.11343,0.3707,526.0,13.18,0.12991,0.4489,0.9999
2024-07-08,55857.81,2930.99,131.64,0.10415,0.3467,490.7,12.355,0.12464,0.4196,1.0001
2024-07-09,56714.61,3019.01,139.81,0.10757,0.3691,510.5,13.119,0.12612,0.4316,1.0001
2024-07-10,58050.0,3066.65,141.43,0.10756,0.3755,516.9,12.841,0.12996,0.4357,1.0
2024-07-11,57725.85,3101.06,141.99,0.108,0.3885,524.7,12.791,0.13147,0.4388,1.0001
2024-07-12,57339.89,3099.57,135.73,0.10664,0.396,524.9,12.343,0.13435,0.4491,1.0
2024-07-13,57889.09,3133.89,139.47,0.10769,0.4166,533.9,12.743,0.13727,0.4745,0.9997
2024-07-14,59204.01,3175.93,141.89,0.11231,0.4416,532.5,13.019,0.13945,0.5257,0.9997
2024-07-15,60797.91,3245.2,147.66,0.11535,0.4317,544.9,13.448,0.1376,0.5205,0.9996
2024-07-16,64724.06,3483.2,159.37,0.1249,0.4449,585.3,14.399,0.1373,0.5372,0.9994
2024-07-17,65044.0,3444.14,160.62,0.12479,0.4381,576.3,14.208,0.13402,0.5792,0.9996
2024-07-18,64087.99,3387.05,155.5,0.12179,0.4359,568.9,13.737,0.13358,0.626,0.9999
2024-07-19,63987.92,3426.49,159.22,0.11955,0.4235,572.0,13.592,0.13449,0.5697,1.0001
2024-07-20,66660.01,3503.53,169.12,0.12543,0.4389,593.4,14.076,0.13466,0.5733,0.9994
2024-07-21,67139.97,3517.5,173.6,0.13423,0.4373,593.2,14.246,0.13467,0.5938,0.9996
2024-07-22,68165.35,3535.93,184.49,0.14027,0.447,602.5,14.817,0.13431,0.5985,0.9998
2024-07-23,67532.0,3439.61,178.9,0.13777,0.4261,587.3,13.93,0.1324,0.608,0.9995
2024-07-24,65936.0,3482.51,173.03,0.1303,0.41,582.0,13.9,0.1341,0.5976,0.9998
2024-07-25,65376.01,3335.82,178.07,0.12793,0.4062,574.9,13.41,0.1343,0.6179,1.0001
2024-07-26,65799.95,3175.47,171.86,0.12525,0.3948,570.7,12.93,0.1355,0.5996,1.0001
2024-07-27,67908.0,3274.6,183.07,0.13419,0.4172,580.9,13.53,0.1375,0.6033,1.0
2024-07-28,67896.49,3249.0,183.92,0.13143,0.4176,581.6,13.55,0.1373,0.5956,0.9999
2024-07-29,68249.88,3270.16,184.91,0.13005,0.4072,583.9,13.3,0.1386,0.6012,1.0
2024-07-30,66784.68,3317.66,182.57,0.12844,0.4031,574.3,13.53,0.1375,0.6019,1.0
2024-07-31,66188.0,3279.2,179.16,0.12551,0.4015,588.1,13.13,0.133,0.6278,1.0002
2024-08-01,64628.01,3232.74,171.7,0.12192,0.3881,576.5,12.82,0.1287,0.623,1.0003
2024-08-02,65354.02,3203.4,167.37,0.11899,0.3925,575.2,12.88,0.1283,0.5965,1.0008
2024-08-03,61498.34,2989.61,152.78,0.11154,0.3637,542.9,11.92,0.1236,0.5606,1.0012
2024-08-04,60697.99,2903.65,142.53,0.10812,0.3646,529.7,11.69,0.1255,0.5558,1.0005
2024-08-05,58161.0,2688.91,138.32,0.10375,0.3442,496.9,10.88,0.1264,0.5229,1.0003
2024-08-06,54018.82,2419.76,129.79,0.09437,0.3118,464.3,9.49,0.1214,0.4889,0.9997
2024-08-07,56022.0,2461.33,144.4,0.09646,0.331,484.9,10.06,0.1234,0.5062,0.9995
2024-08-08,55133.76,2342.79,144.78,0.09561,0.3241,475.0,9.49,0.1247,0.6003,0.9998
2024-08-09,61686.0,2682.5,163.12,0.10747,0.3515,517.2,10.74,0.1271,0.6166,0.9997
2024-08-10,60837.99,2598.79,156.29,0.10386,0.3484,508.7,10.53,0.1283,0.5805,0.9996
2024-08-11,60923.51,2609.92,154.01,0.10519,0.3456,523.2,10.56,0.1291,0.5841,0.9997
2024-08-12,58712.59,2555.38,141.56,0.10059,0.3276,503.5,10.0,0.1277,0.5528,0.9999
2024-08-13,59346.64,2722.3,146.29,0.10791,0.3389,518.3,10.55,0.1266,0.5683,0.9998
2024-08-14,60587.16,2702.44,146.65,0.10637,0.34,524.2,10.58,0.1287,0.577,0.9996
2024-08-15,58683.39,2661.45,143.7,0.1024,0.3353,523.4,10.39,0.1303,0.5687,0.9998
2024-08-16,57541.05,2569.9,142.58,0.10021,0.3249,519.2,10.17,0.1301,0.5608,0.9998
2024-08-17,58874.59,2592.72,139.04,0.10034,0.3301,519.7,10.13,0.1341,0.5637,0.9996
2024-08-18,59491.99,2614.51,141.92,0.10275,0.3374,541.7,10.16,0.1349,0.5664,0.9998
2024-08-19,58427.35,2612.15,142.42,0.10005,0.3342,531.3,10.09,0.1351,0.5631,0.9999
2024-08-20,59438.5,2636.36,144.28,0.10132,0.3367,558.5,10.19,0.1432,0.5984,0.9996
2024-08-21,59013.8,2572.81,142.27,0.10289,0.3434,569.4,10.24,0.1613,0.5937,0.9999
2024-08-22,61156.03,2630.71,142.78,0.10615,0.3689,570.2,11.21,0.1538,0.6,0.9997
2024-08-23,60375.83,2622.89,143.23,0.10526,0.3763,583.0,11.48,0.1554,0.5977,0.9998
2024-08-24,64037.24,2762.49,153.27,0.11292,0.3912,591.7,12.06,0.1582,0.6109,0.9992
2024-08-25,64157.02,2768.01,160.67,0.11258,0.3935,580.5,12.34,0.1588,0.6126,0.9995
2024-08-26,64219.99,2746.12,158.92,0.1096,0.3849,573.9,12.1,0.1663,0.6,0.9995
2024-08-27,62834.0,2680.49,157.12,0.1052,0.3661,548.3,11.83,0.1617,0.5873,0.9997
2024-08-28,59415.0,2457.33,146.78,0.0989,0.3503,533.3,11.15,0.158,0.5667,0.9997
2024-08-29,59034.9,2528.33,143.96,0.09965,0.3502,537.0,11.17,0.1582,0.5692,0.9997
2024-08-30,59359.0,2527.6,140.01,0.10037,0.3577,536.4,10.94,0.1599,0.5618,0.9997
2024-08-31,59123.99,2525.99,137.99,0.10177,0.3469,535.2,11.12,0.1599,0.5667,1.0001
2024-09-01,58974.0,2513.0,135.35,0.10128,0.3451,532.9,11.02,0.1576,0.5662,1.0
2024-09-02,57301.77,2425.71,128.5,0.09508,0.331,512.3,10.37,0.1556,0.5471,0.9999
2024-09-03,59132.12,2538.0,134.95,0.09912,0.3362,526.4,10.77,0.1542,0.5677,1.0
2024-09-04,57487.74,2425.28,127.54,0.09678,0.3184,518.8,10.32,0.1504,0.5572,1.0002
2024-09-05,57970.9,2450.71,133.64,0.09799,0.3231,507.6,10.33,0.15,0.5579,1.0001
2024-09-06,56180.0,2368.81,129.4,0.09842,0.3251,502.4,10.03,0.1499,0.5445,1.0002
2024-09-07,53962.97,2225.24,125.05,0.09255,0.3148,487.3,9.58,0.1478,0.5211,1.0003
2024-09-08,54160.86,2273.58,127.72,0.0954,0.3253,493.6,10.03,0.1516,0.5249,1.0001
2024-09-09,54869.95,2297.3,130.15,0.09616,0.339,503.2,10.35,0.1532,0.5295,1.0
2024-09-10,57042.01,2359.51,135.07,0.10375,0.3434,518.7,10.54,0.1546,0.5395,0.9997
2024-09-11,57635.99,2388.52,135.64,0.10279,0.3431,517.0,10.58,0.153,0.5407,1.0
2024-09-12,57338.0,2340.54,132.43,0.10132,0.3532,530.2,10.39,0.1533,0.5347,0.9998
2024-09-13,58132.31,2361.75,136.06,0.10269,0.3563,544.6,10.79,0.1519,0.5625,0.9999
2024-09-14,60497.99,2439.19,139.02,0.10695,0.3606,556.4,11.45,0.149,0.5727,0.9993
2024-09-15,59993.02,2417.8,137.15,0.1054,0.354,553.4,11.3,0.1475,0.5956,0.9997
2024-09-16,59132.0,2316.09,131.38,0.1028,0.3386,553.4,10.81,0.1489,0.5706,0.9998
2024-09-17,58213.99,2295.67,131.47,0.09965,0.3302,533.7,10.54,0.1489,0.5865,1.0
2024-09-18,60313.99,2341.79,131.54,0.10111,0.3337,546.2,10.63,0.15,0.5838,0.9998
2024-09-19,61759.98,2374.74,134.34,0.10384,0.3442,559.5,10.9,0.1496,0.5852,0.9999
2024-09-20,62948.0,2465.21,142.88,0.10498,0.351,566.9,11.21,0.1515,0.5868,0.9997
2024-09-21,63201.05,2561.4,146.67,0.10555,0.3522,569.1,11.44,0.152,0.5851,0.9999
2024-09-22,63348.97,2612.4,149.42,0.10994,0.3584,588.7,11.5,0.1519,0.5977,0.9998
2024-09-23,63578.76,2580.99,144.64,0.10632,0.3516,588.7,11.12,0.1518,0.5871,0.9999
2024-09-24,63339.99,2646.98,144.79,0.10807,0.3636,604.5,11.4,0.1524,0.5848,1.0
2024-09-25,64262.7,2653.2,152.74,0.10977,0.3878,605.8,12.15,0.1513,0.5912,0.9999
2024-09-26,63152.01,2580.09,147.97,0.10851,0.3809,587.5,12.11,0.15,0.5831,1.0002
2024-09-27,65173.99,2632.25,155.54,0.11817,0.4015,596.3,12.56,0.1532,0.5905,0.9998
2024-09-28,65769.95,2694.43,157.63,0.12352,0.4017,606.9,12.66,0.1552,0.5889,0.9998
2024-09-29,65858.0,2675.21,156.75,0.12807,0.4006,601.1,12.95,0.155,0.6139,0.9998
2024-09-30,65602.01,2657.62,158.47,0.12438,0.3976,595.6,12.47,0.1565,0.6412,0.9997
2024-10-01,63327.6,2602.24,152.51,0.11421,0.3733,567.4,11.85,0.1559,0.6114,1.0001
2024-10-02,60804.92,2447.78,145.12,0.10686,0.352,547.2,11.01,0.1536,0.5968,1.0001
2024-10-03,60649.27,2364.09,140.18,0.10462,0.3432,542.5,10.65,0.1545,0.5383,1.0002
2024-10-04,60752.72,2349.8,136.81,0.10506,0.3452,544.8,10.66,0.1576,0.5218,1.0001
2024-10-05,62086.0,2414.41,143.24,0.10924,0.3517,555.3,11.08,0.1565,0.534,0.9999
2024-10-06,62058.01,2414.66,142.59,0.10941,0.351,563.0,11.27,0.1535,0.5294,1.0
2024-10-07,62819.91,2440.02,146.47,0.11159,0.3574,570.4,11.28,0.1543,0.5336,1.0
2024-10-08,62224.01,2422.7,143.97,0.10841,0.3512,564.4,11.16,0.1558,0.5287,1.0002
2024-10-09,62160.5,2440.88,143.5,0.10709,0.3447,580.8,10.83,0.16,0.531,1.0005
2024-10-10,60636.01,2370.47,139.33,0.10795,0.3395,570.8,10.54,0.1605,0.5245,1.0007
2024-10-11,60326.4,2386.49,139.04,0.10603,0.3396,563.8,10.55,0.1589,0.5305,1.0008
2024-10-12,62539.99,2439.49,145.52,0.11077,0.3517,573.7,10.9,0.1597,0.5387,1.0002
2024-10-13,63206.23,2476.4,146.39,0.11138,0.3532,576.6,11.0,0.1626,0.5393,1.0002
2024-10-14,62870.02,2468.92,147.74,0.1114,0.3485,572.3,10.75,0.1626,0.5321,1.0002
2024-10-15,66084.0,2629.79,157.59,0.11669,0.3644,589.0,11.29,0.1605,0.5484,1.0001
2024-10-16,67074.14,2607.41,154.76,0.11748,0.3592,594.6,11.45,0.1587,0.5417,1.0
2024-10-17,67620.0,2611.1,154.28,0.12574,0.3522,601.0,11.25,0.16,0.5481,1.0001
2024-10-18,67421.78,2605.79,150.5,0.12967,0.3432,592.9,11.03,0.1593,0.5441,1.0002
2024-10-19,68427.99,2642.17,154.93,0.13718,0.3507,599.3,11.48,0.1585,0.5465,1.0
2024-10-20,68377.99,2648.2,159.79,0.14408,0.3513,597.8,11.42,0.1567,0.544,1.0
2024-10-21,69032.0,2746.91,167.4,0.14214,0.3649,605.9,11.98,0.1568,0.5482,1.0002
2024-10-22,67377.5,2666.71,166.16,0.14364,0.3609,598.8,11.7,0.1583,0.5449,1.0003
2024-10-23,67426.01,2622.81,167.6,0.1397,0.3645,593.8,11.98,0.1603,0.5338,1.0004
2024-10-24,66668.65,2524.6,170.86,0.13998,0.3497,584.9,11.32,0.1603,0.5259,1.0009
2024-10-25,68198.27,2535.82,177.19,0.14189,0.3465,594.5,11.62,0.1647,0.532,1.0005
2024-10-26,66698.32,2440.63,164.91,0.13161,0.326,575.3,11.14,0.1625,0.5022,1.0018
2024-10-27,67092.76,2482.51,170.87,0.13747,0.3338,583.4,11.01,0.1651,0.5135,1.0012
2024-10-28,68021.69,2507.8,176.63,0.14427,0.3398,589.3,10.99,0.1641,0.5168,1.0011
2024-10-29,69962.21,2567.49,178.28,0.16145,0.3438,601.1,11.19,0.1642,0.5195,1.0005
2024-10-30,72736.41,2638.8,179.43,0.17586,0.3562,606.3,11.8,0.1662,0.5285,1.0001
2024-10-31,72344.75,2659.19,174.87,0.16828,0.3551,595.5,12.4,0.1693,0.5229,1.0002
2024-11-01,70292.01,2518.61,168.69,0.16164,0.3417,576.5,11.41,0.1684,0.5096,1.0014
2024-11-02,69496.0,2511.49,166.11,0.15917,0.3575,573.1,11.24,0.1673,0.513,1.0004
2024-11-03,69374.74,2494.23,166.16,0.15955,0.3482,568.6,11.19,0.1662,0.5103,1.0003
2024-11-04,68775.99,2457.73,162.52,0.15139,0.334,557.7,10.75,0.1651,0.503,1.0003
2024-11-05,67850.01,2398.21,157.95,0.15822,0.3263,552.51,10.25,0.1629,0.5035,1.0005
2024-11-06,69372.01,2422.6,166.63,0.16999,0.3336,563.21,10.84,0.1601,0.514,1.0
2024-11-07,75571.99,2721.88,186.59,0.19646,0.3631,592.22,12.17,0.1625,0.5418,0.999
2024-11-08,75857.89,2895.47,196.36,0.19325,0.4066,598.27,12.59,0.1601,0.5556,0.9992
2024-11-09,76509.78,2961.75,199.86,0.20197,0.4447,597.82,13.69,0.161,0.5537,0.9992
2024-11-10,76677.46,3126.2,199.89,0.21891,0.4968,624.67,13.78,0.1621,0.5592,0.9995
2024-11-11,80370.01,3183.2,210.07,0.27781,0.5903,627.34,14.26,0.164,0.5885,0.9992
2024-11-12,88648.0,3371.59,222.12,0.35135,0.6131,659.63,14.91,0.1677,0.6208,0.9986
2024-11-13,87952.0,3243.79,211.63,0.37995,0.5709,625.42,13.95,0.1874,0.7042,0.999
2024-11-14,90375.21,3187.16,215.14,0.39899,0.5783,620.68,13.49,0.177,0.6897,0.9987
2024-11-15,87325.59,3058.81,209.57,0.36258,0.579,622.3,13.0,0.1764,0.7736,1.0
2024-11-16,91032.08,3090.01,218.44,0.3815,0.7071,619.37,13.84,0.1912,0.8921,0.9997
2024-11-17,90587.98,3132.88,215.72,0.36421,0.7416,622.69,14.53,0.2001,1.1208,0.9995
2024-11-18,89855.98,3075.99,237.47,0.36704,0.7026,618.93,13.79,0.1993,1.0545,0.9998
2024-11-19,90464.07,3207.81,239.79,0.37113,0.7324,618.93,15.27,0.2021,1.1138,0.9994
2024-11-20,92310.8,3107.45,237.64,0.39067,0.7386,615.49,14.62,0.1994,1.1004,0.9987
2024-11-21,94286.56,3069.97,235.48,0.37778,0.8003,605.39,14.24,0.1948,1.1042,0.9992
2024-11-22,98317.12,3355.88,256.38,0.38664,0.8219,621.86,14.89,0.1985,1.2471,0.9989
2024-11-23,98892.0,3327.78,256.9,0.41277,1.0175,633.0,16.57,0.2048,1.4726,0.9988
2024-11-24,97672.4,3393.91,254.9,0.43016,1.0659,650.42,17.39,0.2121,1.4686,0.999
2024-11-25,97900.05,3361.21,252.74,0.43026,1.0228,659.65,17.91,0.2086,1.4334,0.9989
2024-11-26,93010.01,3414.49,234.18,0.39263,0.9435,636.16,17.34,0.1959,1.4142,1.0001
2024-11-27,91965.16,3324.74,230.69,0.38705,0.9602,613.5,17.34,0.1944,1.3984,1.0004
2024-11-28,95863.11,3653.27,241.96,0.40093,1.0114,644.15,18.66,0.2011,1.4696,0.9989
2024-11-29,95643.99,3578.8,237.58,0.4016,1.0321,653.84,17.94,0.2032,1.542,0.9998
2024-11-30,97460.0,3592.22,243.33,0.42635,1.0754,654.67,18.25,0.2045,1.8005,0.9996
2024-12-01,96407.99,3703.59,237.6,0.4216,1.079,653.44,19.0,0.2049,1.9514,0.9995
2024-12-02,97185.17,3707.61,236.79,0.44045,1.1497,656.0,18.91,0.2072,2.2937,0.9993
2024-12-03,95840.61,3643.43,225.73,0.42457,1.2022,647.83,25.22,0.2209,2.7244,0.9996
2024-12-04,95849.69,3614.51,233.92,0.40632,1.1915,734.64,24.1,0.4332,2.5103,0.9992
2024-12-05,98587.32,3837.8,229.15,0.43274,1.1871,739.54,24.07,0.3305,2.3574,0.9984
2024-12-06,96945.63,3785.21,235.84,0.42683,1.1599,717.1,23.15,0.3223,2.2445,0.9988
2024-12-07,99740.84,3998.87,236.87,0.43468,1.2278,730.22,25.88,0.3255,2.4257,0.9983
2024-12-08,99831.99,3996.22,238.14,0.45283,1.2103,749.71,24.79,0.3188,2.6099,0.999
2024-12-09,101109.6,4004.15,237.02,0.46635,1.1936,742.0,26.09,0.3183,2.6013,0.9992
2024-12-10,97276.48,3712.0,216.62,0.41403,1.0035,689.2,22.24,0.2629,2.2124,0.9995
2024-12-11,96593.0,3628.24,213.6,0.39391,1.0215,676.8,22.11,0.2694,2.3708,0.9993
2024-12-12,101125.0,3831.82,227.29,0.41402,1.0869,711.2,24.06,0.2821,2.3942,0.9992
2024-12-13,100004.29,3881.6,226.95,0.40611,1.1231,705.77,29.14,0.2968,2.3385,0.9998
2024-12-14,101424.24,3906.8,224.79,0.40901,1.1213,725.73,28.99,0.2907,2.4218,0.9998
2024-12-15,101420.0,3870.3,219.94,0.39827,1.0609,715.8,29.13,0.2823,2.4006,1.0002
2024-12-16,104463.99,3959.09,224.26,0.40659,1.0995,718.87,29.25,0.2856,2.447,1.0003
2024-12-17,106058.65,3986.24,216.19,0.40195,1.0775,720.58,28.74,0.2967,2.4842,0.9997
2024-12-18,106133.74,3893.01,223.16,0.39415,1.0523,717.7,27.86,0.2797,2.5672,0.9999
2024-12-19,100204.01,3626.8,206.53,0.35825,0.9682,686.39,24.85,0.258,2.3102,1.0004
2024-12-20,97461.86,3417.01,193.82,0.31431,0.8806,665.61,22.81,0.2513,2.2391,1.0008
2024-12-21,97805.44,3472.2,194.48,0.31792,0.95,678.6,23.4,0.2486,2.2793,1.0004
2024-12-22,97292.0,3338.92,181.46,0.32042,0.9053,663.5,22.14,0.2448,2.2379,1.0006
2024-12-23,95186.28,3281.83,180.53,0.31263,0.8835,649.77,22.08,0.2443,2.2032,1.001
2024-12-24,94881.47,3422.53,190.12,0.32497,0.9265,694.16,24.55,0.2526,2.2616,1.0012
2024-12-25,98663.58,3493.17,197.09,0.3371,0.9357,696.89,25.43,0.2564,2.3238,1.0007
2024-12-26,99429.61,3497.0,197.45,0.33434,0.9176,702.71,24.44,0.258,2.2973,1.0008
2024-12-27,95791.6,3335.04,188.46,0.31274,0.8611,689.4,22.68,0.2538,2.1559,1.0011
2024-12-28,94299.03,3333.51,184.22,0.31187,0.8771,691.86,21.56,0.2593,2.1467,1.0015
2024-12-29,95300.0,3404.01,195.5,0.32439,0.8895,722.13,21.99,0.2584,2.1843,1.0018
2024-12-30,93738.19,3356.48,189.94,0.31435,0.859,694.71,20.96,0.2578,2.0941,1.0018
2024-12-31,92792.05,3361.83,191.37,0.31396,0.8616,705.35,20.57,0.2535,2.0587,1.0019
2025-01-01,93576.0,3337.78,189.31,0.316,0.845,702.31,20.02,0.2547,2.0836,1.002
2025-01-02,94591.78,3360.39,194.28,0.32513,0.9222,707.84,21.73,0.256,2.3329,1.0021
2025-01-03,96984.79,3455.68,208.3,0.33894,0.9612,706.24,22.07,0.2652,2.4024,1.001
2025-01-04,98174.17,3609.0,218.0,0.37989,1.0894,714.87,23.48,0.2702,2.4546,1.0005
2025-01-05,98220.51,3656.88,216.67,0.39482,1.0707,713.41,23.6,0.2696,2.4201,1.0002
2025-01-06,98363.61,3636.0,213.41,0.38231,1.0911,709.29,23.58,0.2627,2.3993,1.0001
2025-01-07,102235.6,3687.44,218.22,0.38782,1.0934,729.42,23.83,0.2684,2.42,0.9995
2025-01-08,96954.6,3381.31,202.17,0.348,0.9893,698.0,21.39,0.2527,2.2712,1.0001
2025-01-09,95060.61,3327.29,197.48,0.3423,0.9467,696.03,20.44,0.2505,2.373,1.0003
2025-01-10,92552.49,3219.2,184.96,0.32099,0.9045,685.47,19.64,0.2401,2.2722,1.0
2025-01-11,94726.1,3267.05,187.69,0.33388,0.9303,693.21,20.25,0.2445,2.3414,1.0001
2025-01-12,94599.99,3282.83,188.09,0.3412,0.9955,696.71,20.21,0.241,2.5764,1.0003
2025-01-13,94545.07,3267.3,188.5,0.33591,0.9676,693.35,19.85,0.2336,2.5045,1.0004
2025-01-14,94536.11,3137.51,182.86,0.33808,0.9444,688.64,19.36,0.2228,2.5232,1.0003
2025-01-15,96560.85,3225.63,187.57,0.35591,0.9972,698.89,20.33,0.2209,2.6673,1.0003
2025-01-16,100497.35,3451.51,205.86,0.38537,1.0755,714.59,22.1,0.238,3.143,0.9998
2025-01-17,99987.3,3308.04,211.15,0.37649,1.0893,708.1,23.03,0.2371,3.245,1.0001
2025-01-18,104077.47,3473.64,219.52,0.41525,1.1331,721.76,25.1,0.2488,3.2923,0.9997
2025-01-19,104556.23,3307.71,261.97,0.39641,1.1044,709.52,24.12,0.2423,3.2697,1.0012
2025-01-20,101331.57,3215.2,252.4,0.35839,0.993,683.2,24.34,0.2286,2.9586,1.0014
2025-01-21,102260.0,3283.99,242.18,0.35456,1.0095,682.51,25.08,0.2383,3.1053,1.0011
2025-01-22,106143.82,3327.55,250.33,0.37178,1.0059,692.21,26.67,0.2448,3.1739,0.9999
2025-01-23,103706.66,3242.61,257.37,0.36291,0.9827,695.52,25.29,0.2536,3.1802,1.0005
2025-01-24,103910.35,3338.22,253.12,0.35207,0.9867,689.73,25.66,0.2527,3.1194,0.9998
2025-01-25,104870.51,3310.1,253.36,0.35086,0.9712,680.45,25.17,0.2544,3.1008,1.0
2025-01-26,104746.86,3318.76,256.4,0.35351,0.9766,686.4,24.93,0.2533,3.1079,1.0002
2025-01-27,102620.01,3232.61,240.49,0.33604,0.953,667.36,24.88,0.2463,3.0222,1.0003
2025-01-28,102082.83,3182.44,234.9,0.33398,0.9346,679.75,24.22,0.2464,3.0552,1.0002
2025-01-29,101335.52,3077.72,227.06,0.31872,0.9168,661.28,22.62,0.2399,3.0572,1.0005
2025-01-30,103733.25,3113.9,228.16,0.32405,0.9398,667.97,23.66,0.2402,3.0683,1.0
2025-01-31,104722.94,3247.38,238.3,0.33154,0.9595,677.53,24.46,0.252,3.1276,0.9999
2025-02-01,102429.56,3300.99,231.77,0.3289,0.9428,677.48,25.16,0.2538,3.0361,1.0003
2025-02-02,100635.66,3117.54,213.03,0.30793,0.8947,652.94,22.98,0.2443,2.8779,1.0002
2025-02-03,97700.59,2869.68,203.52,0.26809,0.8051,617.8,20.47,0.2255,2.5801,1.0003
2025-02-04,101328.51,2879.89,216.27,0.28484,0.8121,617.21,21.64,0.2288,2.7,0.9989
2025-02-05,97763.14,2731.19,206.64,0.26346,0.744,572.69,19.98,0.2245,2.5275,0.9998
2025-02-06,96612.44,2788.25,196.12,0.25617,0.7325,569.55,19.19,0.2225,2.381,1.0
2025-02-07,96554.35,2686.63,189.53,0.24788,0.7052,571.71,18.59,0.2317,2.3251,1.0
2025-02-08,96506.8,2622.11,192.0,0.24652,0.7072,577.7,18.39,0.23,2.3969,0.9998
2025-02-09,96444.75,2632.46,199.32,0.25287,0.7006,612.39,18.44,0.2314,2.419,0.9998
2025-02-10,96462.75,2627.18,200.47,0.2489,0.6815,615.81,18.26,0.2322,2.3928,0.9998
2025-02-11,97430.82,2661.19,200.47,0.25541,0.7121,618.65,18.8,0.2463,2.4238,0.9998
2025-02-12,95778.21,2602.59,197.95,0.25305,0.7782,642.12,18.65,0.2411,2.413,1.0001
2025-02-13,97870.0,2738.27,196.78,0.26419,0.7998,696.92,19.2,0.2434,2.4734,0.9999
2025-02-14,96608.13,2675.87,194.24,0.26245,0.8107,664.73,18.56,0.2342,2.56,0.9999
2025-02-15,97500.47,2725.95,199.4,0.2718,0.7997,659.72,19.39,0.2315,2.7384,0.9998
2025-02-16,97569.67,2693.04,194.47,0.27174,0.7811,662.21,19.0,0.2375,2.7619,0.9997
2025-02-17,96118.12,2661.41,188.26,0.26555,0.7714,673.1,18.7,0.2424,2.7283,0.9998
2025-02-18,95780.01,2744.05,177.53,0.25819,0.8089,667.52,19.12,0.2388,2.6599,1.0
2025-02-19,95671.74,2672.0,169.32,0.25137,0.7542,648.19,17.88,0.2392,2.5629,1.0005
2025-02-20,96644.37,2715.51,168.94,0.2548,0.7737,653.38,17.98,0.2424,2.7378,1.0
2025-02-21,98305.01,2738.04,176.0,0.25473,0.8036,656.36,18.28,0.2464,2.6878,0.9997
2025-02-22,96181.99,2663.0,168.94,0.23966,0.7622,647.47,17.43,0.2379,2.5722,1.0004
2025-02-23,96551.01,2763.23,172.07,0.24657,0.7733,668.57,17.76,0.2392,2.574,1.0
2025-02-24,96258.0,2819.7,167.94,0.24285,0.7698,658.41,17.62,0.246,2.5763,0.9999
2025-02-25,91552.88,2513.52,141.81,0.21044,0.6816,614.19,15.26,0.24,2.2784,1.0001
2025-02-26,88680.39,2495.69,144.33,0.21158,0.6832,623.49,15.31,0.2308,2.3222,1.0012
2025-02-27,84250.09,2336.38,135.33,0.20355,0.6475,611.57,15.26,0.2273,2.1983,1.0014
2025-02-28,84708.57,2307.72,137.68,0.20688,0.6451,605.41,15.11,0.2286,2.1985,1.0008
2025-03-01,84349.95,2237.59,148.18,0.20184,0.6328,588.07,14.81,0.2333,2.1454,1.0004
2025-03-02,86064.54,2217.4,143.66,0.20673,0.6593,607.94,14.75,0.2341,2.1917,1.0004
2025-03-03,94269.99,2518.12,178.72,0.2393,1.1349,623.94,17.42,0.2441,2.9395,0.9999
2025-03-04,86221.16,2149.02,142.16,0.19914,0.8577,576.09,14.46,0.2312,2.3873,1.0006
2025-03-05,87281.98,2171.5,144.8,0.19905,0.9409,584.01,14.87,0.2426,2.4542,1.0002
2025-03-06,90606.0,2241.59,146.27,0.20471,0.9741,598.25,16.43,0.2437,2.4998,1.0001
2025-03-07,89931.88,2202.21,143.3,0.20152,0.9065,596.49,17.06,0.2401,2.6,1.0
2025-03-08,86801.74,2141.6,139.39,0.19843,0.818,594.77,15.95,0.2436,2.3855,1.0003
2025-03-09,86222.46,2203.57,137.01,0.19234,0.8052,593.1,15.27,0.2439,2.3262,1.0002
2025-03-10,80734.48,2020.43,126.52,0.1681,0.7216,554.65,13.81,0.2322,2.1388,1.0002
2025-03-11,78595.86,1865.11,118.32,0.15409,0.6711,531.49,12.66,0.2291,2.0216,1.0005
2025-03-12,82932.99,1923.42,125.35,0.16453,0.724,551.61,13.14,0.2243,2.171,1.0001
2025-03-13,83680.12,1908.2,126.61,0.17244,0.736,569.87,13.49,0.2229,2.2395,1.0002
2025-03-14,81115.78,1864.59,123.36,0.16523,0.703,579.8,13.04,0.2253,2.2526,1.0003
2025-03-15,83983.19,1911.64,133.53,0.17194,0.7372,587.76,13.66,0.2224,2.3564,0.9999
2025-03-16,84338.44,1937.18,135.86,0.17593,0.7468,619.82,14.02,0.2215,2.3911,0.9999
2025-03-17,82574.52,1887.01,126.13,0.16818,0.7049,602.21,13.38,0.2119,2.2938,1.0
2025-03-18,84010.02,1926.3,128.01,0.17333,0.7175,631.68,14.03,0.2207,2.3381,1.0001
2025-03-19,82715.03,1931.54,125.33,0.16803,0.7017,627.81,13.92,0.2371,2.2851,1.0002
2025-03-20,86845.93,2056.05,135.33,0.178,0.7436,618.71,15.03,0.2309,2.5469,0.9997
2025-03-21,84223.38,1983.79,127.6,0.16948,0.7179,630.47,14.22,0.2339,2.436,1.0005
2025-03-22,84088.79,1965.74,128.47,0.16727,0.705,635.16,13.96,0.2335,2.3809,1.0004
2025-03-23,83840.59,1980.68,128.5,0.16737,0.7015,627.01,14.25,0.237,2.3712,1.0001
2025-03-24,86082.5,2005.99,132.85,0.17261,0.7106,623.8,14.46,0.23,2.4392,1.0
2025-03-25,87498.16,2081.2,141.01,0.18299,0.732,637.08,15.13,0.2282,2.4501,0.9999
2025-03-26,87392.88,2066.16,143.64,0.19063,0.7447,629.82,15.43,0.2273,2.4491,0.9999
2025-03-27,86909.17,2009.52,137.35,0.1949,0.7288,618.0,15.25,0.2313,2.3494,0.9998
2025-03-28,87232.01,2003.67,138.44,0.19047,0.7381,637.36,15.53,0.2351,2.3411,1.0003
2025-03-29,84424.38,1896.9,129.5,0.18024,0.7062,619.81,14.25,0.2325,2.2072,1.0005
2025-03-30,82648.53,1828.09,124.58,0.16958,0.6733,603.0,13.56,0.2318,2.1352,1.0004
2025-03-31,82390.0,1807.74,124.83,0.16653,0.6613,602.2,13.42,0.2318,2.1371,1.0
2025-04-01,82550.0,1822.43,124.53,0.16666,0.6618,604.81,13.5,0.2387,2.0899,1.0002
2025-04-02,85158.35,1904.98,126.68,0.17399,0.6771,611.12,14.04,0.2378,2.1387,1.0
2025-04-03,82516.28,1795.21,117.42,0.16383,0.64,590.67,12.9,0.234,2.0237,1.0002
2025-04-04,83213.09,1817.23,117.17,0.16232,0.6509,592.68,12.9,0.2382,2.0648,1.0004
2025-04-05,83889.87,1816.88,122.8,0.17128,0.6603,597.71,12.94,0.239,2.1303,1.0004
2025-04-06,83537.99,1806.02,120.33,0.16898,0.6547,593.13,12.84,0.2375,2.1443,1.0003
2025-04-07,78430.0,1580.77,105.9,0.14927,0.5737,555.55,11.29,0.2301,1.9218,1.0007
2025-04-08,79163.24,1553.04,106.98,0.14958,0.5863,554.6,11.46,0.2287,1.8986,1.0005
2025-04-09,76322.42,1473.41,105.4,0.14225,0.5583,553.72,10.93,0.2306,1.7965,1.0008
2025-04-10,82615.22,1669.51,119.05,0.1603,0.6315,582.32,12.65,0.2385,2.0529,1.0003
2025-04-11,79607.3,1522.24,112.8,0.15356,0.6094,578.03,12.07,0.2364,1.9657,1.0006
2025-04-12,83423.83,1566.85,121.41,0.16003,0.6239,585.93,12.64,0.2429,2.0225,1.0005
2025-04-13,85276.91,1644.19,132.24,0.16764,0.6596,597.3,13.15,0.246,2.1597,1.0001
2025-04-14,83760.0,1597.76,128.38,0.1626,0.6383,584.29,12.63,0.2547,2.1196,1.0003
2025-04-15,84591.58,1623.78,129.41,0.15854,0.6353,584.53,12.64,0.2521,2.1276,1.0001
2025-04-16,83643.99,1588.77,126.1,0.15356,0.609,579.52,12.24,0.2505,2.0843,1.0
2025-04-17,84030.38,1577.15,131.33,0.15472,0.6106,582.8,12.35,0.2476,2.0834,1.0
2025-04-18,84947.92,1583.63,134.84,0.15589,0.6169,590.5,12.54,0.2478,2.0673,1.0
2025-04-19,84474.7,1588.6,134.05,0.15758,0.6276,591.7,12.57,0.2399,2.0619,1.0
2025-04-20,85077.0,1613.26,139.86,0.15735,0.6282,591.74,12.93,0.244,2.0877,1.0002
2025-04-21,85179.24,1587.36,137.86,0.15527,0.6203,592.77,13.29,0.2437,2.0786,1.0
2025-04-22,87516.22,1579.57,136.57,0.15939,0.6241,597.32,13.1,0.2464,2.0855,0.9999
2025-04-23,93442.99,1756.25,148.78,0.17864,0.6794,618.5,14.13,0.2483,2.2138,0.9996
2025-04-24,93691.07,1795.08,151.1,0.17864,0.6978,605.72,15.02,0.2463,2.2183,0.9996
2025-04-25,93980.47,1769.64,152.55,0.18254,0.722,601.56,15.06,0.2454,2.2049,0.9995
2025-04-26,94638.68,1784.6,150.82,0.18159,0.7135,599.9,14.92,0.2418,2.1812,0.9993
2025-04-27,94628.0,1820.87,149.22,0.18193,0.707,607.23,14.87,0.252,2.1912,0.9997
2025-04-28,93749.29,1791.29,147.97,0.17932,0.7033,603.46,14.56,0.2454,2.2521,0.9996
2025-04-29,95011.18,1799.88,147.84,0.17908,0.7057,606.16,15.03,0.2483,2.295,0.9998
2025-04-30,94256.82,1797.81,146.3,0.17465,0.6957,601.0,14.61,0.2438,2.2379,0.9998
2025-05-01,94172.0,1793.62,147.54,0.17224,0.6816,599.88,14.3,0.2464,2.1907,1.0
2025-05-02,96489.9,1838.1,150.85,0.18065,0.705,599.64,14.74,0.2447,2.2122,0.9996
2025-05-03,96887.13,1842.2,148.04,0.18151,0.6982,600.69,14.65,0.2479,2.2093,0.9995
2025-05-04,95856.42,1833.52,146.71,0.17565,0.6995,599.36,14.24,0.2456,2.1872,0.9997
2025-05-05,94277.61,1808.86,143.94,0.17048,0.6762,586.02,13.86,0.2471,2.1561,0.9999
2025-05-06,94733.68,1820.19,146.72,0.17062,0.6621,597.61,13.65,0.2483,2.1306,1.0002
2025-05-07,96834.02,1817.0,146.89,0.1722,0.6789,602.57,13.82,0.2458,2.155,1.0
2025-05-08,97030.5,1811.11,147.32,0.17201,0.6716,602.7,13.81,0.2487,2.1264,0.9999
2025-05-09,103261.61,2207.39,164.46,0.19818,0.7694,629.17,15.89,0.257,2.3272,1.0
2025-05-10,102971.99,2345.04,172.77,0.2053,0.7773,666.29,16.01,0.2602,2.3438,1.0
2025-05-11,104809.53,2583.22,177.89,0.25062,0.8406,663.9,17.34,0.2662,2.4711,0.9999
2025-05-12,104118.0,2514.58,173.2,0.23181,0.8054,651.15,17.1,0.2651,2.3671,0.9998
2025-05-13,102791.32,2495.48,174.22,0.23102,0.8169,660.08,16.74,0.2717,2.544,1.0
2025-05-14,104103.72,2679.71,183.75,0.24078,0.83,664.12,17.4,0.2709,2.5828,0.9998
2025-05-15,103507.83,2609.75,176.63,0.23279,0.7987,652.47,17.02,0.2747,2.5504,0.9997
2025-05-16,103763.71,2548.7,169.16,0.2194,0.7624,651.88,16.04,0.2732,2.3856,0.9998
2025-05-17,103463.9,2537.13,167.4,0.22111,0.7588,646.76,15.76,0.2716,2.3797,0.9997
2025-05-18,103126.65,2475.09,165.94,0.21458,0.7428,639.5,15.33,0.2695,2.3531,0.9996
2025-05-19,106454.27,2497.78,173.3,0.23309,0.7597,651.54,15.88,0.268,2.428,0.9995
2025-05-20,105573.73,2528.14,166.87,0.22446,0.7426,649.62,15.79,0.2667,2.3803,0.9995
2025-05-21,106850.0,2524.19,168.59,0.22626,0.7461,650.0,15.71,0.2691,2.3565,0.9995
2025-05-22,109643.99,2551.0,173.54,0.23404,0.7693,673.31,16.1,0.2683,2.3953,0.9995
2025-05-23,111696.22,2664.83,179.68,0.24559,0.8093,686.57,16.74,0.2758,2.4311,0.9997
2025-05-24,107318.3,2526.49,174.0,0.22521,0.7472,656.99,15.53,0.2687,2.2965,0.9997
2025-05-25,107761.9,2530.41,175.87,0.22512,0.7467,668.0,15.34,0.2703,2.3304,0.9997
2025-05-26,109004.2,2551.22,175.75,0.22491,0.7598,669.45,15.54,0.2723,2.3416,0.9995
2025-05-27,109434.78,2563.7,174.92,0.22596,0.7604,674.3,15.54,0.2739,2.3103,0.9995
2025-05-28,108938.17,2660.81,176.72,0.22599,0.7584,686.9,15.91,0.2779,2.3167,0.9994
2025-05-29,107781.78,2681.61,172.22,0.22096,0.7476,686.89,15.69,0.2737,2.2742,0.9997
2025-05-30,105589.75,2631.39,166.71,0.21487,0.7221,675.02,15.05,0.2746,2.2441,0.9999
2025-05-31,103985.47,2531.35,156.2,0.19358,0.689,655.36,13.89,0.267,2.1397,0.9995
2025-06-01,104591.88,2528.06,156.45,0.19251,0.6858,658.01,13.97,0.2656,2.1739,0.9995
2025-06-02,105642.93,2539.2,157.68,0.19364,0.6854,660.77,14.06,0.2708,2.1792,0.9995
2025-06-03,105858.0,2607.42,156.83,0.19507,0.6897,665.93,14.08,0.2688,2.1965,0.9995
2025-06-04,105376.9,2593.35,155.19,0.19311,0.6837,661.6,14.12,0.2703,2.2445,0.9992
2025-06-05,104696.86,2607.68,153.27,0.18811,0.6654,663.24,13.84,0.2744,2.2009,0.9993
2025-06-06,101508.69,2414.02,144.28,0.17106,0.6256,633.33,12.89,0.282,2.0936,0.9994
2025-06-07,104288.43,2476.1,147.82,0.17878,0.6554,642.71,13.57,0.278,2.1598,0.9992
2025-06-08,105552.15,2524.64,150.07,0.1851,0.6645,650.82,13.82,0.2869,2.1768,0.9993
2025-06-09,105734.01,2509.84,152.45,0.18417,0.6703,652.0,13.73,0.2818,2.2669,0.9994
2025-06-10,110263.02,2680.13,161.16,0.1949,0.705,665.58,14.36,0.2869,2.321,0.9996
2025-06-11,110274.39,2816.41,165.12,0.19851,0.7167,673.51,15.45,0.2926,2.3074,0.9998
2025-06-12,108645.13,2771.6,160.98,0.19294,0.6979,667.42,14.89,0.2796,2.2704,0.9997
2025-06-13,105671.74,2642.66,152.32,0.18111,0.6613,654.76,13.98,0.2719,2.19,0.9996
2025-06-14,106066.59,2579.19,148.6,0.18041,0.6421,655.35,13.45,0.2698,2.1473,0.9995
2025-06-15,105414.63,2530.77,144.65,0.17825,0.6247,645.61,13.16,0.2711,2.1393,0.9995
2025-06-16,105594.02,2547.62,152.97,0.17554,0.6333,648.19,13.3,0.2739,2.1655,0.9997
2025-06-17,106794.53,2544.17,150.73,0.17271,0.6302,650.74,13.57,0.274,2.2379,0.9995
2025-06-18,104551.17,2509.95,147.58,0.16936,0.609,648.09,13.0,0.2714,2.1591,0.9998
2025-06-19,104886.79,2525.0,146.35,0.17069,0.604,644.77,13.12,0.2729,2.1704,0.9997
2025-06-20,104658.59,2521.13,147.04,0.17091,0.6021,644.65,13.07,0.2748,2.1647,0.9998
2025-06-21,103297.98,2406.49,140.11,0.16235,0.5775,641.61,12.51,0.2723,2.1195,0.9998
2025-06-22,102120.02,2295.72,135.43,0.15448,0.5562,628.98,12.03,0.2709,2.0632,0.9997
2025-06-23,100963.87,2227.7,131.71,0.15128,0.5419,615.81,11.65,0.2634,2.0173,0.9997
2025-06-24,105333.94,2411.66,144.51,0.16377,0.5823,640.5,12.83,0.2726,2.1584,0.9993
2025-06-25,106083.0,2448.46,145.93,0.16572,0.5875,643.53,13.42,0.2737,2.1897,0.9996
2025-06-26,107340.59,2418.5,143.57,0.16458,0.5671,646.06,13.14,0.2731,2.1858,0.9995
2025-06-27,106947.06,2415.96,139.05,0.16002,0.5544,642.3,12.94,0.271,2.1053,0.9995
2025-06-28,107047.58,2423.17,142.09,0.16105,0.5586,645.72,13.05,0.2732,2.142,0.9996
2025-06-29,107296.79,2435.62,150.73,0.16362,0.5654,648.61,13.4,0.2747,2.1855,0.9996
2025-06-30,108356.93,2500.09,153.32,0.16945,0.5773,654.9,13.71,0.2769,2.2062,0.9998
2025-07-01,107146.51,2485.47,154.82,0.16518,0.5722,656.9,13.37,0.2797,2.2362,0.9997
2025-07-02,105681.13,2405.01,146.87,0.15779,0.542,646.34,12.9,0.2788,2.1719,0.9997
2025-07-03,108849.59,2570.41,152.28,0.16868,0.584,659.7,13.55,0.2845,2.2335,0.9995
2025-07-04,109584.77,2591.26,152.35,0.17201,0.5992,663.58,13.66,0.287,2.2569,0.9996
2025-07-05,107984.25,2508.04,147.69,0.16289,0.5725,653.6,13.16,0.2826,2.2205,0.9997
2025-07-06,108198.12,2516.42,147.55,0.16422,0.5756,656.17,13.23,0.2831,2.2177,0.9997
2025-07-07,109203.85,2570.35,151.86,0.17196,0.5858,663.13,13.49,0.287,2.2709,0.9998
2025-07-08,108262.94,2542.3,148.89,0.16793,0.5806,661.06,13.43,0.2866,2.2707,0.9999
2025-07-09,108922.99,2615.25,151.68,0.17094,0.5883,660.63,13.97,0.2874,2.3109,0.9998
2025-07-10,111234.0,2768.74,157.06,0.18053,0.6227,668.69,14.25,0.2898,2.4038,0.9996
2025-07-11,116010.01,2951.29,164.33,0.19508,0.6776,685.8,15.24,0.2939,2.5471,0.9999
2025-07-12,117527.66,2958.21,162.92,0.20103,0.7094,689.98,15.29,0.301,2.7323,0.9997
2025-07-13,117420.0,2943.29,160.7,0.19741,0.7089,685.86,15.11,0.3023,2.7395,0.9996
2025-07-14,119086.65,2972.03,161.15,0.19855,0.7368,692.01,15.66,0.3029,2.8361,0.9995
2025-07-15,119841.17,3013.61,162.21,0.19748,0.7352,689.13,15.76,0.3025,2.9582,0.9999
2025-07-16,117758.08,3137.9,163.98,0.1992,0.7467,689.93,16.11,0.3004,2.9189,0.9999
2025-07-17,118630.44,3371.35,173.62,0.21269,0.7645,708.61,16.68,0.3096,3.038,0.9995
2025-07-18,119177.56,3476.88,175.88,0.21826,0.8216,720.64,18.0,0.3155,3.4813,0.9992
2025-07-19,117924.84,3546.92,177.28,0.2358,0.8159,729.92,17.83,0.326,3.4136,0.9993
2025-07-20,117840.01,3592.0,176.97,0.24142,0.8298,733.2,18.4,0.3178,3.4243,0.9995
2025-07-21,117265.11,3756.69,181.44,0.27375,0.858,756.82,19.28,0.3141,3.4541,0.9994
2025-07-22,117380.36,3762.32,195.72,0.27142,0.889,766.22,19.49,0.3144,3.5494,0.9995
2025-07-23,119954.43,3746.21,205.7,0.27094,0.9035,786.69,19.66,0.3157,3.5504,0.9996
2025-07-24,118756.0,3628.29,189.4,0.24078,0.816,776.74,18.18,0.3095,3.1839,0.9994
2025-07-25,118340.98,3706.95,182.88,0.23219,0.8059,770.74,17.92,0.3139,3.1454,0.9995
2025-07-26,117614.31,3724.97,186.75,0.23673,0.8158,785.44,18.29,0.317,3.1422,0.9997
2025-07-27,117919.99,3741.11,184.89,0.23544,0.8198,793.3,18.41,0.32,3.1662,0.9996
2025-07-28,119415.56,3872.11,188.64,0.24071,0.832,844.0,19.24,0.32,3.239,0.9995
2025-07-29,118062.32,3799.0,183.1,0.22616,0.7932,824.07,18.11,0.3224,3.1235,0.9999
2025-07-30,117950.75,3793.79,181.47,0.22392,0.7829,805.11,17.84,0.3384,3.1281,1.0001
2025-07-31,117840.29,3810.0,177.77,0.21998,0.7633,793.51,17.72,0.3274,3.0967,1.0
2025-08-01,115764.07,3698.39,172.22,0.20975,0.7392,783.13,16.93,0.325,3.0223,1.0001
2025-08-02,113297.92,3488.21,162.71,0.20098,0.7141,757.08,16.07,0.3234,2.9614,1.0003
2025-08-03,112546.35,3393.94,158.49,0.19098,0.6975,736.43,15.64,0.322,2.7695,1.0002
2025-08-04,114208.81,3496.75,161.98,0.19875,0.7271,751.21,16.3,0.3275,2.9481,0.9999
2025-08-05,115055.03,3720.99,169.55,0.21038,0.755,768.62,17.12,0.3329,3.0715,0.9999
2025-08-06,114129.75,3612.01,164.09,0.19982,0.7258,755.13,16.39,0.3338,2.9622,1.0
2025-08-07,114992.27,3683.31,168.1,0.20525,0.7413,769.55,16.67,0.3373,2.9908,0.9997
2025-08-08,117472.02,3910.3,175.37,0.22228,0.7874,788.67,18.47,0.3385,3.3196,0.9997
2025-08-09,116674.74,4009.51,176.79,0.23039,0.7912,793.5,19.89,0.3378,3.2858,0.9997
2025-08-10,116462.25,4260.63,179.96,0.23995,0.8029,798.83,21.95,0.3352,3.2259,0.9996
2025-08-11,119294.27,4250.58,182.67,0.23385,0.8015,807.22,22.07,0.3382,3.1869,0.9997
2025-08-12,118686.0,4223.22,174.83,0.22208,0.7727,805.09,21.07,0.3451,3.1295,0.9999
2025-08-13,120134.09,4590.52,191.77,0.23582,0.8411,832.48,23.6,0.3524,3.2675,1.0001
2025-08-14,123306.44,4749.31,201.51,0.24483,0.9042,848.02,23.98,0.362,3.2744,0.9995
2025-08-15,118295.09,4546.84,192.46,0.22381,0.9257,840.42,22.45,0.3575,3.0792,0.9993
2025-08-16,117342.04,4439.47,185.71,0.22885,0.9452,827.8,21.75,0.3526,3.0778,0.9993
2025-08-17,117380.66,4422.0,189.61,0.23115,0.9211,838.71,22.64,0.3478,3.1056,0.9993
2025-08-18,117405.01,4472.34,191.0,0.23457,0.961,855.38,25.64,0.3533,3.0877,0.9993
2025-08-19,116227.05,4312.99,182.94,0.22262,0.9235,847.0,25.79,0.3503,3.0616,0.9995
2025-08-20,112872.95,4075.58,176.22,0.20944,0.8464,824.1,23.56,0.3477,2.8608,1.0001
2025-08-21,114271.23,4336.16,187.95,0.22168,0.8809,869.05,26.45,0.3545,2.9512,0.9999
2025-08-22,112500.0,4225.3,180.3,0.21473,0.8519,839.49,24.82,0.3537,2.8518,1.0002
2025-08-23,116936.0,4832.07,200.69,0.24054,0.9315,900.2,26.8,0.3667,3.0745,1.0002
2025-08-24,115438.06,4778.4,204.15,0.23631,0.9142,880.42,26.28,0.3625,3.0486,1.0003
2025-08-25,113493.59,4780.15,205.99,0.23182,0.909,876.51,25.82,0.3614,3.0259,1.0
2025-08-26,110111.98,4376.17,187.19,0.20965,0.8372,839.32,23.38,0.3417,2.8584,0.9997
2025-08-27,111763.22,4600.63,195.85,0.21839,0.8663,863.7,24.37,0.3518,3.0123,0.9998
2025-08-28,111262.01,4506.71,202.95,0.21891,0.8509,855.18,23.78,0.3452,2.9688,0.9999
2025-08-29,112566.9,4511.2,214.43,0.22438,0.8576,873.48,25.18,0.345,2.9665,0.9998
2025-08-30,108377.4,4360.18,205.09,0.21391,0.8266,862.3,23.43,0.3386,2.8195,0.9998
2025-08-31,108816.33,4373.7,202.7,0.21595,0.8225,862.0,23.51,0.339,2.818,0.9998
2025-09-01,108246.36,4391.83,200.62,0.21371,0.8112,857.66,23.2,0.341,2.7757,0.9999
2025-09-02,109237.43,4314.5,197.32,0.21074,0.8015,845.68,22.52,0.3373,2.7589,0.9999
2025-09-03,111240.01,4326.49,209.64,0.21489,0.8348,851.8,23.49,0.338,2.862,0.9998
2025-09-04,111705.72,4450.46,210.77,0.2203,0.8367,854.76,23.69,0.3406,2.8442,0.9996
2025-09-05,110730.87,4297.56,202.32,0.21241,0.8093,843.62,22.32,0.3346,2.7947,0.9999
2025-09-06,110660.0,4307.46,203.37,0.21788,0.8306,850.14,22.28,0.3313,2.8146,0.9998
2025-09-07,110187.98,4273.15,200.17,0.21595,0.8185,860.86,22.2,0.3145,2.8098,0.9997
2025-09-08,111137.35,4306.19,206.35,0.22876,0.8351,880.05,22.47,0.3313,2.877,0.9999
2025-09-09,112065.23,4306.36,214.11,0.24165,0.8651,878.08,23.04,0.3313,2.9698,0.9998
2025-09-10,111546.38,4310.08,217.22,0.24063,0.8653,880.0,23.05,0.3351,2.9474,0.9999
2025-09-11,113960.0,4349.33,224.06,0.24535,0.8854,893.77,23.57,0.3383,2.9834,0.9996
2025-09-12,115482.69,4458.83,228.73,0.25604,0.894,902.77,24.47,0.3463,3.0398,0.9996
2025-09-13,116029.41,4712.16,242.18,0.2755,0.917,924.81,25.12,0.3525,3.1054,0.9992
2025-09-14,115918.29,4666.54,242.38,0.28937,0.9294,933.68,24.88,0.3497,3.1193,0.9994
2025-09-15,115268.01,4604.48,239.75,0.27795,0.8878,926.51,24.1,0.3485,3.028,0.9994
2025-09-16,115349.71,4523.74,234.32,0.2683,0.8631,919.68,23.56,0.3449,2.9969,0.9996
2025-09-17,116788.96,4501.3,236.96,0.26994,0.8803,955.65,23.49,0.3424,3.0376,0.9996
2025-09-18,116447.6,4590.54,244.84,0.28257,0.9138,989.97,24.0,0.3432,3.0841,0.9995
2025-09-19,117073.53,4587.66,247.5,0.27856,0.9244,981.05,24.63,0.3505,3.0735,0.9994
2025-09-20,115632.39,4468.59,238.53,0.26526,0.8904,984.1,23.48,0.3438,2.99,0.9993
2025-09-21,115685.63,4480.41,239.48,0.26758,0.8931,1043.77,23.33,0.3466,2.975,0.9995
2025-09-22,115232.29,4444.98,236.16,0.26074,0.8841,1047.8,22.95,0.3426,2.9701,0.9994
2025-09-23,112650.99,4199.09,220.39,0.24123,0.8257,992.9,21.66,0.34,2.8525,0.999
2025-09-24,111998.8,4164.25,213.29,0.23709,0.806,1015.98,21.52,0.336,2.8247,0.9997
2025-09-25,113307.01,4152.81,211.61,0.24107,0.8128,1018.49,21.61,0.3382,2.9257,0.9994
2025-09-26,108994.49,3874.35,192.73,0.22292,0.7637,945.9,20.15,0.3319,2.7435,0.9994
2025-09-27,109643.46,4032.24,205.16,0.23244,0.7918,960.81,21.07,0.3384,2.7836,0.9993
2025-09-28,109635.85,4018.39,203.47,0.23077,0.781,968.46,20.92,0.3366,2.8047,0.9994
2025-09-29,112163.96,4142.16,210.83,0.23735,0.8086,993.01,21.68,0.3357,2.8675,0.9994
2025-09-30,114311.97,4215.07,212.74,0.23478,0.806,1029.79,21.73,0.3368,2.8801,0.9993
2025-10-01,114048.94,4145.15,208.68,0.23294,0.8073,1008.51,21.31,0.3336,2.8468,0.9997
2025-10-02,118594.99,4348.03,222.04,0.24906,0.8508,1026.5,22.57,0.3416,2.9485,0.9994
2025-10-03,120529.35,4484.35,234.74,0.26201,0.8706,1090.22,22.78,0.3426,3.0388,0.9992
2025-10-04,122232.21,4512.88,232.84,0.25819,0.8655,1189.4,22.5,0.3419,3.0402,0.9992
